Workbook
Name ACTITUD1: [1]Calendario!$B$29
Name ACTITUD2: [1]Calendario!$B$30
Name ACTITUD3: [1]Calendario!$B$31
Name ACTITUD4: [1]Calendario!$B$32
Name ACTITUD5: [1]Calendario!$B$33
Name ACTITUDES: [1]Calendario!$B$28
Name AlAp01: Almnd!$D$4
Name AlAp02: Almnd!$D$5
Name AlAp03: Almnd!$D$6
Name AlAp04: Almnd!$D$7
Name AlAp05: Almnd!$D$8
Name AlAp06: Almnd!$D$9
Name AlAp07: Almnd!$D$10
Name AlAp08: Almnd!$D$11
Name AlAp09: Almnd!$D$12
Name AlAp10: Almnd!$D$13
Name AlAp11: Almnd!$D$14
Name AlAp12: Almnd!$D$15
Name AlAp13: Almnd!$D$16
Name AlAp14: Almnd!$D$17
Name AlAp15: Almnd!$D$18
Name AlAp16: Almnd!$D$19
Name AlAp17: Almnd!$D$20
Name AlAp18: Almnd!$D$21
Name AlAp19: Almnd!$D$22
Name AlAp20: Almnd!$D$23
Name AlAp21: Almnd!$D$24
Name AlAp22: Almnd!$D$25
Name AlAp23: Almnd!$D$26
Name AlAp24: Almnd!$D$27
Name AlAp25: Almnd!$D$28
Name AlAp26: Almnd!$D$29
Name AlAp27: Almnd!$D$30
Name AlAp28: Almnd!$D$31
Name AlAp29: Almnd!$D$32
Name AlAp30: Almnd!$D$33
Name AlCo01: Almnd!$B$4
Name AlCo02: Almnd!$B$5
Name AlCo03: Almnd!$B$6
Name AlCo04: Almnd!$B$7
Name AlCo05: Almnd!$B$8
Name AlCo06: Almnd!$B$9
Name AlCo07: Almnd!$B$10
Name AlCo08: Almnd!$B$11
Name AlCo09: Almnd!$B$12
Name AlCo10: Almnd!$B$13
Name AlCo11: Almnd!$B$14
Name AlCo12: Almnd!$B$15
Name AlCo13: Almnd!$B$16
Name AlCo14: Almnd!$B$17
Name AlCo15: Almnd!$B$18
Name AlCo16: Almnd!$B$19
Name AlCo17: Almnd!$B$20
Name AlCo18: Almnd!$B$21
Name AlCo19: Almnd!$B$22
Name AlCo20: Almnd!$B$23
Name AlCo21: Almnd!$B$24
Name AlCo22: Almnd!$B$25
Name AlCo23: Almnd!$B$26
Name AlCo24: Almnd!$B$27

Sheet UDs
A1: Planificación. Unidades didácticas y prácticas | Q1: =FechaHoy -> 46099
B2: =IModulo&" ("&IProfesor&")" -> FPM-it-1-0237 Infra. comunes de teleco en viviendas y edificios (Rafa Sanz)
B4: Módulo. Centro. Profesorado | F4: Criterios
B6: Datos. Entrada | D6: [Selector] | F6: Criterios de calificación | H6: % CdC | J6: Datos. Salida
C7: Módulo | D7: FPM-it-1-0237 Infra. comunes de teleco en viviendas y edificios | F7: Conocimiento | G7: Contenidos | H7: 0.3 | K7: Nº Tri. | L7: =_xlfn.XLOOKUP(IModulo,Info!$F$4:$F$50,Info!$H$4:$H$50,3) -> 3 | N7: % P.Ev. | O7: 0.15 | Q7: H.Sem. | R7: 5
C8: Centro | D8: IES Ándalan | F8: Procedimiento | G8: Ejercicios | H8: 0.3 | K8: N.UD. | L8: =NUD -> 2 | N8: N.Clase | O8: =MAX(Flts!H14:H349) -> 138 | Q8: H.BOA | R8: {=_xlfn.XLOOKUP(MID(IModulo,1,14),MID(Info!$F$3:$F$50,1,14),Info!$G$3:$G$50,99)} -> 128
C9: Profesorado | D9: Rafa Sanz | F9: Procedimiento | G9: Prácticas | H9: 0.4 | K9: N.Práct. | L9: =NPract -> 3 | N9: H.P.Ev | O9: =R9*PEv -> 20.7 | Q9: H.Real | R9: =HReal -> 138
F10: Actitud | G10: Participación | H10: 0 | Q10: =IF(R10=0,"H.BOA = H.Real","") & IF(R10>0,"H.BOA < H.Real","") & IF(R10<0,"H.BOA > H.Real","") -> H.BOA < H.Real | R10: =HReal-HBOA -> 10
G11: =IF(H11=100%,"¡Ok!. Suma de ponderación 100%","") & IF(H11>100%,"NoOk. Sobra %","") & IF(H11<100%,"NoOk. Falta %","") -> ¡Ok!. Suma de ponderación 100% | H11: =SUM(H7:H10) -> 1
B13: Resultados de aprendizaje
B15: Cód.RA | C15: % Pond. | D15: Resultados de aprendizaje
B16: =IF(ReAp01<>"","RA01","") -> RA01 | C16: 0.15 | D16: RA01 --
B17: =IF(ReAp02<>"","RA02","") -> RA02 | C17: 0.2 | D17: RA02 --
B18: =IF(ReAp03<>"","RA03","") -> RA03 | C18: 0.2 | D18: RA03 --
B19: =IF(ReAp04<>"","RA04","") -> RA04 | C19: 0.2 | D19: RA04 --
B20: =IF(ReAp05<>"","RA05","") -> RA05 | C20: 0.1 | D20: RA05 --
B21: =IF(ReAp06<>"","RA06","") -> RA06 | C21: 0.15 | D21: RA06 --
B22: =IF(ReAp07<>"","RA07","")
B23: =IF(ReAp08<>"","RA08","")
B24: =IF(ReAp09<>"","RA09","")
B25: =IF(ReAp10<>"","RA10","")
B26: =IF(ReAp11<>"","RA11","")
B27: =IF(ReAp12<>"","RA12","")
C28: =SUM(C16:C27) -> 1 | D28: =IF($C$28=100%,"¡Ok!. Suma de ponderación 100%","") & IF($C$28>100%,"NoOk. Sobra %","") & IF($C$28<100%,"NoOk. Falta %","") -> ¡Ok!. Suma de ponderación 100%
B30: Unidades didácticas. Contenidos y Ejercicios
H32: Relación entre RA y Unidades didácticas
B33: Cód.UD | C33: Horas Prv. | D33: Unidades didácticas | E33: Clase Nº. | F33: Fecha Inicio Prevista | G33: Día, Mes Año | H33: =CoRA01 -> RA01 | I33: =CoRA02 -> RA02 | J33: =CoRA03 -> RA03 | K33: =CoRA04 -> RA04 | L33: =CoRA05 -> RA05 | M33: =CoRA06 -> RA06 | N33: =CoRA07 | O33: =CoRA08 | P33: =CoRA09 | Q33: =CoRA10 | R33: =CoRA11 | S33: =CoRA12
B34: =IF(UnDi00<>"","UD00","") -> UD00 | C34: 1 | D34: pw | E34: 1 | F34: =IFERROR(IF(E35<>"",VLOOKUP(B34,Flts!$E$14:$I$349,5,FALSE),""),"") -> 45915 | G34: =IFERROR(MID(Vdias,(WEEKDAY(F34,2)-1)*3+1,3)&", "&MID(Vmeses,(MONTH(F34)-1)*3+1,3)&" "&YEAR(F34),"") -> Lun, Sep 2025
B35: =IF(UnDi01<>"","UD01","") -> UD01 | C35: 34 | D35: ysbu | E35: =IFERROR(IF(E34+C34>E34,E34+C34,""),"") -> 2 | F35: =IFERROR(IF(E36<>"",VLOOKUP(B35,Flts!$E$14:$I$349,5,FALSE),""),"") -> 45916 | G35: =IFERROR(MID(Vdias,(WEEKDAY(F35,2)-1)*3+1,3)&", "&MID(Vmeses,(MONTH(F35)-1)*3+1,3)&" "&YEAR(F35),"") -> Mar, Sep 2025 | H35: X
B36: =IF(UnDi02<>"","UD02","") -> UD02 | C36: 44 | D36: sdfdfasdfdsa | E36: =IFERROR(IF(E35+C35>E35,E35+C35,""),"") -> 36 | F36: =IFERROR(IF(E37<>"",VLOOKUP(B36,Flts!$E$14:$I$349,5,FALSE),""),"") -> 45967 | G36: =IFERROR(MID(Vdias,(WEEKDAY(F36,2)-1)*3+1,3)&", "&MID(Vmeses,(MONTH(F36)-1)*3+1,3)&" "&YEAR(F36),"") -> Jue, Nov 2025 | I36: X | J36: X
B37: =IF(UnDi03<>"","UD03","") | C37: 32 | E37: =IFERROR(IF(E36+C36>E36,E36+C36,""),"") -> 80 | F37: =IFERROR(IF(E38<>"",VLOOKUP(B37,Flts!$E$14:$I$349,5,FALSE),""),"") -> 46048 | G37: =IFERROR(MID(Vdias,(WEEKDAY(F37,2)-1)*3+1,3)&", "&MID(Vmeses,(MONTH(F37)-1)*3+1,3)&" "&YEAR(F37),"") -> Lun, Ene 2026 | J37: X
B38: =IF(UnDi04<>"","UD04","") | C38: 54 | E38: =IFERROR(IF(E37+C37>E37,E37+C37,""),"") -> 112 | F38: =IFERROR(IF(E39<>"",VLOOKUP(B38,Flts!$E$14:$I$349,5,FALSE),""),"") -> 46048 | G38: =IFERROR(MID(Vdias,(WEEKDAY(F38,2)-1)*3+1,3)&", "&MID(Vmeses,(MONTH(F38)-1)*3+1,3)&" "&YEAR(F38),"") -> Lun, Ene 2026 | K38: X
B39: =IF(UnDi05<>"","UD05","") | C39: 24 | E39: =IFERROR(IF(E38+C38>E38,E38+C38,""),"") -> 166 | F39: =IFERROR(IF(E40<>"",VLOOKUP(B39,Flts!$E$14:$I$349,5,FALSE),""),"") -> 46048 | G39: =IFERROR(MID(Vdias,(WEEKDAY(F39,2)-1)*3+1,3)&", "&MID(Vmeses,(MONTH(F39)-1)*3+1,3)&" "&YEAR(F39),"") -> Lun, Ene 2026 | L39: X
B40: =IF(UnDi06<>"","UD06","") | C40: 29 | E40: =IFERROR(IF(E39+C39>E39,E39+C39,""),"") -> 190 | F40: =IFERROR(IF(E41<>"",VLOOKUP(B40,Flts!$E$14:$I$349,5,FALSE),""),"") -> 46048 | G40: =IFERROR(MID(Vdias,(WEEKDAY(F40,2)-1)*3+1,3)&", "&MID(Vmeses,(MONTH(F40)-1)*3+1,3)&" "&YEAR(F40),"") -> Lun, Ene 2026 | M40: X
B41: =IF(UnDi07<>"","UD07","") | E41: =IFERROR(IF(E40+C40>E40,E40+C40,""),"") -> 219 | F41: =IFERROR(IF(E42<>"",VLOOKUP(B41,Flts!$E$14:$I$349,5,FALSE),""),"") | G41: =IFERROR(MID(Vdias,(WEEKDAY(F41,2)-1)*3+1,3)&", "&MID(Vmeses,(MONTH(F41)-1)*3+1,3)&" "&YEAR(F41),"")
B42: =IF(UnDi08<>"","UD08","") | E42: =IFERROR(IF(E41+C41>E41,E41+C41,""),"") | F42: =IFERROR(IF(E43<>"",VLOOKUP(B42,Flts!$E$14:$I$349,5,FALSE),""),"") | G42: =IFERROR(MID(Vdias,(WEEKDAY(F42,2)-1)*3+1,3)&", "&MID(Vmeses,(MONTH(F42)-1)*3+1,3)&" "&YEAR(F42),"")
B43: =IF(UnDi09<>"","UD09","") | E43: =IFERROR(IF(E42+C42>E42,E42+C42,""),"") | F43: =IFERROR(IF(E44<>"",VLOOKUP(B43,Flts!$E$14:$I$349,5,FALSE),""),"") | G43: =IFERROR(MID(Vdias,(WEEKDAY(F43,2)-1)*3+1,3)&", "&MID(Vmeses,(MONTH(F43)-1)*3+1,3)&" "&YEAR(F43),"")
B44: =IF(UnDi10<>"","UD10","") | E44: =IFERROR(IF(E43+C43>E43,E43+C43,""),"") | F44: =IFERROR(IF(E45<>"",VLOOKUP(B44,Flts!$E$14:$I$349,5,FALSE),""),"") | G44: =IFERROR(MID(Vdias,(WEEKDAY(F44,2)-1)*3+1,3)&", "&MID(Vmeses,(MONTH(F44)-1)*3+1,3)&" "&YEAR(F44),"")
B45: =IF(UnDi11<>"","UD11","") | E45: =IFERROR(IF(E44+C44>E44,E44+C44,""),"") | F45: =IFERROR(IF(E46<>"",VLOOKUP(B45,Flts!$E$14:$I$349,5,FALSE),""),"") | G45: =IFERROR(MID(Vdias,(WEEKDAY(F45,2)-1)*3+1,3)&", "&MID(Vmeses,(MONTH(F45)-1)*3+1,3)&" "&YEAR(F45),"")
B46: =IF(UnDi12<>"","UD12","") | E46: =IFERROR(IF(E45+C45>E45,E45+C45,""),"") | F46: =IFERROR(IF(E47<>"",VLOOKUP(B46,Flts!$E$14:$I$349,5,FALSE),""),"") | G46: =IFERROR(MID(Vdias,(WEEKDAY(F46,2)-1)*3+1,3)&", "&MID(Vmeses,(MONTH(F46)-1)*3+1,3)&" "&YEAR(F46),"")
B47: =IF(UnDi13<>"","UD13","") | E47: =IFERROR(IF(E46+C46>E46,E46+C46,""),"") | F47: =IFERROR(IF(E48<>"",VLOOKUP(B47,Flts!$E$14:$I$349,5,FALSE),""),"") | G47: =IFERROR(MID(Vdias,(WEEKDAY(F47,2)-1)*3+1,3)&", "&MID(Vmeses,(MONTH(F47)-1)*3+1,3)&" "&YEAR(F47),"")
B48: =IF(UnDi14<>"","UD14","") | E48: =IFERROR(IF(E47+C47>E47,E47+C47,""),"") | F48: =IFERROR(IF(E49<>"",VLOOKUP(B48,Flts!$E$14:$I$349,5,FALSE),""),"") | G48: =IFERROR(MID(Vdias,(WEEKDAY(F48,2)-1)*3+1,3)&", "&MID(Vmeses,(MONTH(F48)-1)*3+1,3)&" "&YEAR(F48),"")
B49: =IF(UnDi15<>"","UD15","") | E49: =IFERROR(IF(E48+C48>E48,E48+C48,""),"") | F49: =IFERROR(IF(E50<>"",VLOOKUP(B49,Flts!$E$14:$I$349,5,FALSE),""),"") | G49: =IFERROR(MID(Vdias,(WEEKDAY(F49,2)-1)*3+1,3)&", "&MID(Vmeses,(MONTH(F49)-1)*3+1,3)&" "&YEAR(F49),"")
B50: =IF(UnDi16<>"","UD16","") | E50: =IFERROR(IF(E49+C49>E49,E49+C49,""),"") | F50: =IFERROR(IF(E51<>"",VLOOKUP(B50,Flts!$E$14:$I$349,5,FALSE),""),"") | G50: =IFERROR(MID(Vdias,(WEEKDAY(F50,2)-1)*3+1,3)&", "&MID(Vmeses,(MONTH(F50)-1)*3+1,3)&" "&YEAR(F50),"")
B51: =IF(UnDi17<>"","UD17","") | E51: =IFERROR(IF(E50+C50>E50,E50+C50,""),"") | F51: =IFERROR(IF(E52<>"",VLOOKUP(B51,Flts!$E$14:$I$349,5,FALSE),""),"") | G51: =IFERROR(MID(Vdias,(WEEKDAY(F51,2)-1)*3+1,3)&", "&MID(Vmeses,(MONTH(F51)-1)*3+1,3)&" "&YEAR(F51),"")
B52: =IF(UnDi18<>"","UD18","") | E52: =IFERROR(IF(E51+C51>E51,E51+C51,""),"") | F52: =IFERROR(IF(E53<>"",VLOOKUP(B52,Flts!$E$14:$I$349,5,FALSE),""),"") | G52: =IFERROR(MID(Vdias,(WEEKDAY(F52,2)-1)*3+1,3)&", "&MID(Vmeses,(MONTH(F52)-1)*3+1,3)&" "&YEAR(F52),"")
B53: =IF(UnDi19<>"","UD19","") | E53: =IFERROR(IF(E52+C52>E52,E52+C52,""),"") | F53: =IFERROR(IF(E54<>"",VLOOKUP(B53,Flts!$E$14:$I$349,5,FALSE),""),"") | G53: =IFERROR(MID(Vdias,(WEEKDAY(F53,2)-1)*3+1,3)&", "&MID(Vmeses,(MONTH(F53)-1)*3+1,3)&" "&YEAR(F53),"")
B54: =IF(UnDi20<>"","UD20","") | E54: =IFERROR(IF(E53+C53>E53,E53+C53,""),"") | F54: =IFERROR(IF(E55<>"",VLOOKUP(B54,Flts!$E$14:$I$349,5,FALSE),""),"") | G54: =IFERROR(MID(Vdias,(WEEKDAY(F54,2)-1)*3+1,3)&", "&MID(Vmeses,(MONTH(F54)-1)*3+1,3)&" "&YEAR(F54),"")
B55: =MID(D55,1,4) -> NoOk | C55: =HReal-SUM(C34:C54) -> -80 | D55: =IF(C55=0,"¡Ok!. Programación ajustada a las horas previstas","") & IF(C55>0,"HCM. Repaso de "&C55&" hora/s","") & IF(C55<0,"NoOk ¡Atención! Falta/n "&C55&" hora/s","") -> NoOk ¡Atención! Falta/n -80 hora/s | E55: =IFERROR(IF(E54+C54>E54,E54+C54,""),"")
B56: =20-COUNTIF(B35:B54,"") -> 2 | C56: =HReal -> 138 | D56: ƩN.UD | E56: ƩH. Total
B58: Prácticas
H60: Relación entre RA y Prácticas
B61: Cód.Pr. | C61: Horas Prv. | D61: Prácticas | E61: Asoc. UD. | F61: Fecha Inicio Prevista | G61: Día, Mes Año | H61: =CoRA01 -> RA01 | I61: =CoRA02 -> RA02 | J61: =CoRA03 -> RA03 | K61: =CoRA04 -> RA04 | L61: =CoRA05 -> RA05 | M61: =CoRA06 -> RA06 | N61: =CoRA07 | O61: =CoRA08 | P61: =CoRA09 | Q61: =CoRA10 | R61: =CoRA11 | S61: =CoRA12
B62: =IF(D62<>"","Pr01","") -> Pr01 | C62: 4 | D62: aasds | E62: UD01 | F62: =IFERROR(_xlfn.XLOOKUP($E62,$B$35:$B$54,$F$35:$F$54),"") -> 45916 | G62: =IFERROR(MID(Vdias,(WEEKDAY(F62,2)-1)*3+1,3)&", "&MID(Vmeses,(MONTH(F62)-1)*3+1,3)&" "&YEAR(F62),"") -> Mar, Sep 2025 | H62: =IFERROR(_xlfn.XLOOKUP($E62,$B$34:$B$54,H$34:H$54),"") -> X | I62: =IFERROR(_xlfn.XLOOKUP($E62,$B$34:$B$54,I$34:I$54),"") -> 0 | J62: =IFERROR(_xlfn.XLOOKUP($E62,$B$34:$B$54,J$34:J$54),"") -> 0 | K62: =IFERROR(_xlfn.XLOOKUP($E62,$B$34:$B$54,K$34:K$54),"") -> 0 | L62: =IFERROR(_xlfn.XLOOKUP($E62,$B$34:$B$54,L$34:L$54),"") -> 0 | M62: =IFERROR(_xlfn.XLOOKUP($E62,$B$34:$B$54,M$34:M$54),"") -> 0 | N62: =IFERROR(_xlfn.XLOOKUP($E62,$B$34:$B$54,N$34:N$54),"") -> 0 | O62: =IFERROR(_xlfn.XLOOKUP($E62,$B$34:$B$54,O$34:O$54),"") -> 0 | ... S62: =IFERROR(_xlfn.XLOOKUP($E62,$B$34:$B$54,S$34:S$54),"") -> 0
B63: =IF(D63<>"","Pr02","") -> Pr02 | C63: 7 | D63: DSDSSDASDA | E63: UD02 | F63: =IFERROR(_xlfn.XLOOKUP($E63,$B$35:$B$54,$F$35:$F$54),"") -> 45967 | G63: =IFERROR(MID(Vdias,(WEEKDAY(F63,2)-1)*3+1,3)&", "&MID(Vmeses,(MONTH(F63)-1)*3+1,3)&" "&YEAR(F63),"") -> Jue, Nov 2025 | H63: =IFERROR(_xlfn.XLOOKUP($E63,$B$34:$B$54,H$34:H$54),"") -> 0 | I63: =IFERROR(_xlfn.XLOOKUP($E63,$B$34:$B$54,I$34:I$54),"") -> X | J63: =IFERROR(_xlfn.XLOOKUP($E63,$B$34:$B$54,J$34:J$54),"") -> X | K63: =IFERROR(_xlfn.XLOOKUP($E63,$B$34:$B$54,K$34:K$54),"") -> 0 | L63: =IFERROR(_xlfn.XLOOKUP($E63,$B$34:$B$54,L$34:L$54),"") -> 0 | M63: =IFERROR(_xlfn.XLOOKUP($E63,$B$34:$B$54,M$34:M$54),"") -> 0 | N63: =IFERROR(_xlfn.XLOOKUP($E63,$B$34:$B$54,N$34:N$54),"") -> 0 | O63: =IFERROR(_xlfn.XLOOKUP($E63,$B$34:$B$54,O$34:O$54),"") -> 0 | ... S63: =IFERROR(_xlfn.XLOOKUP($E63,$B$34:$B$54,S$34:S$54),"") -> 0
B64: =IF(D64<>"","Pr03","") -> Pr03 | C64: 4 | D64: jkljkl | E64: UD02 | F64: =IFERROR(_xlfn.XLOOKUP($E64,$B$35:$B$54,$F$35:$F$54),"") -> 45967 | G64: =IFERROR(MID(Vdias,(WEEKDAY(F64,2)-1)*3+1,3)&", "&MID(Vmeses,(MONTH(F64)-1)*3+1,3)&" "&YEAR(F64),"") -> Jue, Nov 2025 | H64: =IFERROR(_xlfn.XLOOKUP($E64,$B$34:$B$54,H$34:H$54),"") -> 0 | I64: =IFERROR(_xlfn.XLOOKUP($E64,$B$34:$B$54,I$34:I$54),"") -> X | J64: =IFERROR(_xlfn.XLOOKUP($E64,$B$34:$B$54,J$34:J$54),"") -> X | K64: =IFERROR(_xlfn.XLOOKUP($E64,$B$34:$B$54,K$34:K$54),"") -> 0 | L64: =IFERROR(_xlfn.XLOOKUP($E64,$B$34:$B$54,L$34:L$54),"") -> 0 | M64: =IFERROR(_xlfn.XLOOKUP($E64,$B$34:$B$54,M$34:M$54),"") -> 0 | N64: =IFERROR(_xlfn.XLOOKUP($E64,$B$34:$B$54,N$34:N$54),"") -> 0 | O64: =IFERROR(_xlfn.XLOOKUP($E64,$B$34:$B$54,O$34:O$54),"") -> 0 | ... S64: =IFERROR(_xlfn.XLOOKUP($E64,$B$34:$B$54,S$34:S$54),"") -> 0
B65: =IF(D65<>"","Pr04","") | F65: =IFERROR(_xlfn.XLOOKUP($E65,$B$35:$B$54,$F$35:$F$54),"") | G65: =IFERROR(MID(Vdias,(WEEKDAY(F65,2)-1)*3+1,3)&", "&MID(Vmeses,(MONTH(F65)-1)*3+1,3)&" "&YEAR(F65),"") | H65: =IFERROR(_xlfn.XLOOKUP($E65,$B$34:$B$54,H$34:H$54),"") | I65: =IFERROR(_xlfn.XLOOKUP($E65,$B$34:$B$54,I$34:I$54),"") | J65: =IFERROR(_xlfn.XLOOKUP($E65,$B$34:$B$54,J$34:J$54),"") | K65: =IFERROR(_xlfn.XLOOKUP($E65,$B$34:$B$54,K$34:K$54),"") | L65: =IFERROR(_xlfn.XLOOKUP($E65,$B$34:$B$54,L$34:L$54),"") | M65: =IFERROR(_xlfn.XLOOKUP($E65,$B$34:$B$54,M$34:M$54),"") | N65: =IFERROR(_xlfn.XLOOKUP($E65,$B$34:$B$54,N$34:N$54),"") | O65: =IFERROR(_xlfn.XLOOKUP($E65,$B$34:$B$54,O$34:O$54),"") | ... S65: =IFERROR(_xlfn.XLOOKUP($E65,$B$34:$B$54,S$34:S$54),"")
B66: =IF(D66<>"","Pr05","") | F66: =IFERROR(_xlfn.XLOOKUP($E66,$B$35:$B$54,$F$35:$F$54),"") | G66: =IFERROR(MID(Vdias,(WEEKDAY(F66,2)-1)*3+1,3)&", "&MID(Vmeses,(MONTH(F66)-1)*3+1,3)&" "&YEAR(F66),"") | H66: =IFERROR(_xlfn.XLOOKUP($E66,$B$34:$B$54,H$34:H$54),"") | I66: =IFERROR(_xlfn.XLOOKUP($E66,$B$34:$B$54,I$34:I$54),"") | J66: =IFERROR(_xlfn.XLOOKUP($E66,$B$34:$B$54,J$34:J$54),"") | K66: =IFERROR(_xlfn.XLOOKUP($E66,$B$34:$B$54,K$34:K$54),"") | L66: =IFERROR(_xlfn.XLOOKUP($E66,$B$34:$B$54,L$34:L$54),"") | M66: =IFERROR(_xlfn.XLOOKUP($E66,$B$34:$B$54,M$34:M$54),"") | N66: =IFERROR(_xlfn.XLOOKUP($E66,$B$34:$B$54,N$34:N$54),"") | O66: =IFERROR(_xlfn.XLOOKUP($E66,$B$34:$B$54,O$34:O$54),"") | ... S66: =IFERROR(_xlfn.XLOOKUP($E66,$B$34:$B$54,S$34:S$54),"")
B67: =IF(D67<>"","Pr06","") | F67: =IFERROR(_xlfn.XLOOKUP($E67,$B$35:$B$54,$F$35:$F$54),"") | G67: =IFERROR(MID(Vdias,(WEEKDAY(F67,2)-1)*3+1,3)&", "&MID(Vmeses,(MONTH(F67)-1)*3+1,3)&" "&YEAR(F67),"") | H67: =IFERROR(_xlfn.XLOOKUP($E67,$B$34:$B$54,H$34:H$54),"") | I67: =IFERROR(_xlfn.XLOOKUP($E67,$B$34:$B$54,I$34:I$54),"") | J67: =IFERROR(_xlfn.XLOOKUP($E67,$B$34:$B$54,J$34:J$54),"") | K67: =IFERROR(_xlfn.XLOOKUP($E67,$B$34:$B$54,K$34:K$54),"") | L67: =IFERROR(_xlfn.XLOOKUP($E67,$B$34:$B$54,L$34:L$54),"") | M67: =IFERROR(_xlfn.XLOOKUP($E67,$B$34:$B$54,M$34:M$54),"") | N67: =IFERROR(_xlfn.XLOOKUP($E67,$B$34:$B$54,N$34:N$54),"") | O67: =IFERROR(_xlfn.XLOOKUP($E67,$B$34:$B$54,O$34:O$54),"") | ... S67: =IFERROR(_xlfn.XLOOKUP($E67,$B$34:$B$54,S$34:S$54),"")
B68: =IF(D68<>"","Pr07","") | F68: =IFERROR(_xlfn.XLOOKUP($E68,$B$35:$B$54,$F$35:$F$54),"") | G68: =IFERROR(MID(Vdias,(WEEKDAY(F68,2)-1)*3+1,3)&", "&MID(Vmeses,(MONTH(F68)-1)*3+1,3)&" "&YEAR(F68),"") | H68: =IFERROR(_xlfn.XLOOKUP($E68,$B$34:$B$54,H$34:H$54),"") | I68: =IFERROR(_xlfn.XLOOKUP($E68,$B$34:$B$54,I$34:I$54),"") | J68: =IFERROR(_xlfn.XLOOKUP($E68,$B$34:$B$54,J$34:J$54),"") | K68: =IFERROR(_xlfn.XLOOKUP($E68,$B$34:$B$54,K$34:K$54),"") | L68: =IFERROR(_xlfn.XLOOKUP($E68,$B$34:$B$54,L$34:L$54),"") | M68: =IFERROR(_xlfn.XLOOKUP($E68,$B$34:$B$54,M$34:M$54),"") | N68: =IFERROR(_xlfn.XLOOKUP($E68,$B$34:$B$54,N$34:N$54),"") | O68: =IFERROR(_xlfn.XLOOKUP($E68,$B$34:$B$54,O$34:O$54),"") | ... S68: =IFERROR(_xlfn.XLOOKUP($E68,$B$34:$B$54,S$34:S$54),"")
B69: =IF(D69<>"","Pr08","") | F69: =IFERROR(_xlfn.XLOOKUP($E69,$B$35:$B$54,$F$35:$F$54),"") | G69: =IFERROR(MID(Vdias,(WEEKDAY(F69,2)-1)*3+1,3)&", "&MID(Vmeses,(MONTH(F69)-1)*3+1,3)&" "&YEAR(F69),"") | H69: =IFERROR(_xlfn.XLOOKUP($E69,$B$34:$B$54,H$34:H$54),"") | I69: =IFERROR(_xlfn.XLOOKUP($E69,$B$34:$B$54,I$34:I$54),"") | J69: =IFERROR(_xlfn.XLOOKUP($E69,$B$34:$B$54,J$34:J$54),"") | K69: =IFERROR(_xlfn.XLOOKUP($E69,$B$34:$B$54,K$34:K$54),"") | L69: =IFERROR(_xlfn.XLOOKUP($E69,$B$34:$B$54,L$34:L$54),"") | M69: =IFERROR(_xlfn.XLOOKUP($E69,$B$34:$B$54,M$34:M$54),"") | N69: =IFERROR(_xlfn.XLOOKUP($E69,$B$34:$B$54,N$34:N$54),"") | O69: =IFERROR(_xlfn.XLOOKUP($E69,$B$34:$B$54,O$34:O$54),"") | ... S69: =IFERROR(_xlfn.XLOOKUP($E69,$B$34:$B$54,S$34:S$54),"")
B70: =IF(D70<>"","Pr09","") | F70: =IFERROR(_xlfn.XLOOKUP($E70,$B$35:$B$54,$F$35:$F$54),"") | G70: =IFERROR(MID(Vdias,(WEEKDAY(F70,2)-1)*3+1,3)&", "&MID(Vmeses,(MONTH(F70)-1)*3+1,3)&" "&YEAR(F70),"") | H70: =IFERROR(_xlfn.XLOOKUP($E70,$B$34:$B$54,H$34:H$54),"") | I70: =IFERROR(_xlfn.XLOOKUP($E70,$B$34:$B$54,I$34:I$54),"") | J70: =IFERROR(_xlfn.XLOOKUP($E70,$B$34:$B$54,J$34:J$54),"") | K70: =IFERROR(_xlfn.XLOOKUP($E70,$B$34:$B$54,K$34:K$54),"") | L70: =IFERROR(_xlfn.XLOOKUP($E70,$B$34:$B$54,L$34:L$54),"") | M70: =IFERROR(_xlfn.XLOOKUP($E70,$B$34:$B$54,M$34:M$54),"") | N70: =IFERROR(_xlfn.XLOOKUP($E70,$B$34:$B$54,N$34:N$54),"") | O70: =IFERROR(_xlfn.XLOOKUP($E70,$B$34:$B$54,O$34:O$54),"") | ... S70: =IFERROR(_xlfn.XLOOKUP($E70,$B$34:$B$54,S$34:S$54),"")
B71: =IF(D71<>"","Pr10","") | F71: =IFERROR(_xlfn.XLOOKUP($E71,$B$35:$B$54,$F$35:$F$54),"") | G71: =IFERROR(MID(Vdias,(WEEKDAY(F71,2)-1)*3+1,3)&", "&MID(Vmeses,(MONTH(F71)-1)*3+1,3)&" "&YEAR(F71),"") | H71: =IFERROR(_xlfn.XLOOKUP($E71,$B$34:$B$54,H$34:H$54),"") | I71: =IFERROR(_xlfn.XLOOKUP($E71,$B$34:$B$54,I$34:I$54),"") | J71: =IFERROR(_xlfn.XLOOKUP($E71,$B$34:$B$54,J$34:J$54),"") | K71: =IFERROR(_xlfn.XLOOKUP($E71,$B$34:$B$54,K$34:K$54),"") | L71: =IFERROR(_xlfn.XLOOKUP($E71,$B$34:$B$54,L$34:L$54),"") | M71: =IFERROR(_xlfn.XLOOKUP($E71,$B$34:$B$54,M$34:M$54),"") | N71: =IFERROR(_xlfn.XLOOKUP($E71,$B$34:$B$54,N$34:N$54),"") | O71: =IFERROR(_xlfn.XLOOKUP($E71,$B$34:$B$54,O$34:O$54),"") | ... S71: =IFERROR(_xlfn.XLOOKUP($E71,$B$34:$B$54,S$34:S$54),"")
B72: =IF(D72<>"","Pr11","") | F72: =IFERROR(_xlfn.XLOOKUP($E72,$B$35:$B$54,$F$35:$F$54),"") | G72: =IFERROR(MID(Vdias,(WEEKDAY(F72,2)-1)*3+1,3)&", "&MID(Vmeses,(MONTH(F72)-1)*3+1,3)&" "&YEAR(F72),"") | H72: =IFERROR(_xlfn.XLOOKUP($E72,$B$34:$B$54,H$34:H$54),"") | I72: =IFERROR(_xlfn.XLOOKUP($E72,$B$34:$B$54,I$34:I$54),"") | J72: =IFERROR(_xlfn.XLOOKUP($E72,$B$34:$B$54,J$34:J$54),"") | K72: =IFERROR(_xlfn.XLOOKUP($E72,$B$34:$B$54,K$34:K$54),"") | L72: =IFERROR(_xlfn.XLOOKUP($E72,$B$34:$B$54,L$34:L$54),"") | M72: =IFERROR(_xlfn.XLOOKUP($E72,$B$34:$B$54,M$34:M$54),"") | N72: =IFERROR(_xlfn.XLOOKUP($E72,$B$34:$B$54,N$34:N$54),"") | O72: =IFERROR(_xlfn.XLOOKUP($E72,$B$34:$B$54,O$34:O$54),"") | ... S72: =IFERROR(_xlfn.XLOOKUP($E72,$B$34:$B$54,S$34:S$54),"")
B73: =IF(D73<>"","Pr12","") | F73: =IFERROR(_xlfn.XLOOKUP($E73,$B$35:$B$54,$F$35:$F$54),"") | G73: =IFERROR(MID(Vdias,(WEEKDAY(F73,2)-1)*3+1,3)&", "&MID(Vmeses,(MONTH(F73)-1)*3+1,3)&" "&YEAR(F73),"") | H73: =IFERROR(_xlfn.XLOOKUP($E73,$B$34:$B$54,H$34:H$54),"") | I73: =IFERROR(_xlfn.XLOOKUP($E73,$B$34:$B$54,I$34:I$54),"") | J73: =IFERROR(_xlfn.XLOOKUP($E73,$B$34:$B$54,J$34:J$54),"") | K73: =IFERROR(_xlfn.XLOOKUP($E73,$B$34:$B$54,K$34:K$54),"") | L73: =IFERROR(_xlfn.XLOOKUP($E73,$B$34:$B$54,L$34:L$54),"") | M73: =IFERROR(_xlfn.XLOOKUP($E73,$B$34:$B$54,M$34:M$54),"") | N73: =IFERROR(_xlfn.XLOOKUP($E73,$B$34:$B$54,N$34:N$54),"") | O73: =IFERROR(_xlfn.XLOOKUP($E73,$B$34:$B$54,O$34:O$54),"") | ... S73: =IFERROR(_xlfn.XLOOKUP($E73,$B$34:$B$54,S$34:S$54),"")
B74: =IF(D74<>"","Pr13","") | F74: =IFERROR(_xlfn.XLOOKUP($E74,$B$35:$B$54,$F$35:$F$54),"") | G74: =IFERROR(MID(Vdias,(WEEKDAY(F74,2)-1)*3+1,3)&", "&MID(Vmeses,(MONTH(F74)-1)*3+1,3)&" "&YEAR(F74),"") | H74: =IFERROR(_xlfn.XLOOKUP($E74,$B$34:$B$54,H$34:H$54),"") | I74: =IFERROR(_xlfn.XLOOKUP($E74,$B$34:$B$54,I$34:I$54),"") | J74: =IFERROR(_xlfn.XLOOKUP($E74,$B$34:$B$54,J$34:J$54),"") | K74: =IFERROR(_xlfn.XLOOKUP($E74,$B$34:$B$54,K$34:K$54),"") | L74: =IFERROR(_xlfn.XLOOKUP($E74,$B$34:$B$54,L$34:L$54),"") | M74: =IFERROR(_xlfn.XLOOKUP($E74,$B$34:$B$54,M$34:M$54),"") | N74: =IFERROR(_xlfn.XLOOKUP($E74,$B$34:$B$54,N$34:N$54),"") | O74: =IFERROR(_xlfn.XLOOKUP($E74,$B$34:$B$54,O$34:O$54),"") | ... S74: =IFERROR(_xlfn.XLOOKUP($E74,$B$34:$B$54,S$34:S$54),"")
B75: =IF(D75<>"","Pr14","") | F75: =IFERROR(_xlfn.XLOOKUP($E75,$B$35:$B$54,$F$35:$F$54),"") | G75: =IFERROR(MID(Vdias,(WEEKDAY(F75,2)-1)*3+1,3)&", "&MID(Vmeses,(MONTH(F75)-1)*3+1,3)&" "&YEAR(F75),"") | H75: =IFERROR(_xlfn.XLOOKUP($E75,$B$34:$B$54,H$34:H$54),"") | I75: =IFERROR(_xlfn.XLOOKUP($E75,$B$34:$B$54,I$34:I$54),"") | J75: =IFERROR(_xlfn.XLOOKUP($E75,$B$34:$B$54,J$34:J$54),"") | K75: =IFERROR(_xlfn.XLOOKUP($E75,$B$34:$B$54,K$34:K$54),"") | L75: =IFERROR(_xlfn.XLOOKUP($E75,$B$34:$B$54,L$34:L$54),"") | M75: =IFERROR(_xlfn.XLOOKUP($E75,$B$34:$B$54,M$34:M$54),"") | N75: =IFERROR(_xlfn.XLOOKUP($E75,$B$34:$B$54,N$34:N$54),"") | O75: =IFERROR(_xlfn.XLOOKUP($E75,$B$34:$B$54,O$34:O$54),"") | ... S75: =IFERROR(_xlfn.XLOOKUP($E75,$B$34:$B$54,S$34:S$54),"")
B76: =IF(D76<>"","Pr15","") | F76: =IFERROR(_xlfn.XLOOKUP($E76,$B$35:$B$54,$F$35:$F$54),"") | G76: =IFERROR(MID(Vdias,(WEEKDAY(F76,2)-1)*3+1,3)&", "&MID(Vmeses,(MONTH(F76)-1)*3+1,3)&" "&YEAR(F76),"") | H76: =IFERROR(_xlfn.XLOOKUP($E76,$B$34:$B$54,H$34:H$54),"") | I76: =IFERROR(_xlfn.XLOOKUP($E76,$B$34:$B$54,I$34:I$54),"") | J76: =IFERROR(_xlfn.XLOOKUP($E76,$B$34:$B$54,J$34:J$54),"") | K76: =IFERROR(_xlfn.XLOOKUP($E76,$B$34:$B$54,K$34:K$54),"") | L76: =IFERROR(_xlfn.XLOOKUP($E76,$B$34:$B$54,L$34:L$54),"") | M76: =IFERROR(_xlfn.XLOOKUP($E76,$B$34:$B$54,M$34:M$54),"") | N76: =IFERROR(_xlfn.XLOOKUP($E76,$B$34:$B$54,N$34:N$54),"") | O76: =IFERROR(_xlfn.XLOOKUP($E76,$B$34:$B$54,O$34:O$54),"") | ... S76: =IFERROR(_xlfn.XLOOKUP($E76,$B$34:$B$54,S$34:S$54),"")
B77: =IF(D77<>"","Pr16","") | F77: =IFERROR(_xlfn.XLOOKUP($E77,$B$35:$B$54,$F$35:$F$54),"") | G77: =IFERROR(MID(Vdias,(WEEKDAY(F77,2)-1)*3+1,3)&", "&MID(Vmeses,(MONTH(F77)-1)*3+1,3)&" "&YEAR(F77),"") | H77: =IFERROR(_xlfn.XLOOKUP($E77,$B$34:$B$54,H$34:H$54),"") | I77: =IFERROR(_xlfn.XLOOKUP($E77,$B$34:$B$54,I$34:I$54),"") | J77: =IFERROR(_xlfn.XLOOKUP($E77,$B$34:$B$54,J$34:J$54),"") | K77: =IFERROR(_xlfn.XLOOKUP($E77,$B$34:$B$54,K$34:K$54),"") | L77: =IFERROR(_xlfn.XLOOKUP($E77,$B$34:$B$54,L$34:L$54),"") | M77: =IFERROR(_xlfn.XLOOKUP($E77,$B$34:$B$54,M$34:M$54),"") | N77: =IFERROR(_xlfn.XLOOKUP($E77,$B$34:$B$54,N$34:N$54),"") | O77: =IFERROR(_xlfn.XLOOKUP($E77,$B$34:$B$54,O$34:O$54),"") | ... S77: =IFERROR(_xlfn.XLOOKUP($E77,$B$34:$B$54,S$34:S$54),"")
B78: =IF(D78<>"","Pr17","") | F78: =IFERROR(_xlfn.XLOOKUP($E78,$B$35:$B$54,$F$35:$F$54),"") | G78: =IFERROR(MID(Vdias,(WEEKDAY(F78,2)-1)*3+1,3)&", "&MID(Vmeses,(MONTH(F78)-1)*3+1,3)&" "&YEAR(F78),"") | H78: =IFERROR(_xlfn.XLOOKUP($E78,$B$34:$B$54,H$34:H$54),"") | I78: =IFERROR(_xlfn.XLOOKUP($E78,$B$34:$B$54,I$34:I$54),"") | J78: =IFERROR(_xlfn.XLOOKUP($E78,$B$34:$B$54,J$34:J$54),"") | K78: =IFERROR(_xlfn.XLOOKUP($E78,$B$34:$B$54,K$34:K$54),"") | L78: =IFERROR(_xlfn.XLOOKUP($E78,$B$34:$B$54,L$34:L$54),"") | M78: =IFERROR(_xlfn.XLOOKUP($E78,$B$34:$B$54,M$34:M$54),"") | N78: =IFERROR(_xlfn.XLOOKUP($E78,$B$34:$B$54,N$34:N$54),"") | O78: =IFERROR(_xlfn.XLOOKUP($E78,$B$34:$B$54,O$34:O$54),"") | ... S78: =IFERROR(_xlfn.XLOOKUP($E78,$B$34:$B$54,S$34:S$54),"")
B79: =IF(D79<>"","Pr18","") | F79: =IFERROR(_xlfn.XLOOKUP($E79,$B$35:$B$54,$F$35:$F$54),"") | G79: =IFERROR(MID(Vdias,(WEEKDAY(F79,2)-1)*3+1,3)&", "&MID(Vmeses,(MONTH(F79)-1)*3+1,3)&" "&YEAR(F79),"") | H79: =IFERROR(_xlfn.XLOOKUP($E79,$B$34:$B$54,H$34:H$54),"") | I79: =IFERROR(_xlfn.XLOOKUP($E79,$B$34:$B$54,I$34:I$54),"") | J79: =IFERROR(_xlfn.XLOOKUP($E79,$B$34:$B$54,J$34:J$54),"") | K79: =IFERROR(_xlfn.XLOOKUP($E79,$B$34:$B$54,K$34:K$54),"") | L79: =IFERROR(_xlfn.XLOOKUP($E79,$B$34:$B$54,L$34:L$54),"") | M79: =IFERROR(_xlfn.XLOOKUP($E79,$B$34:$B$54,M$34:M$54),"") | N79: =IFERROR(_xlfn.XLOOKUP($E79,$B$34:$B$54,N$34:N$54),"") | O79: =IFERROR(_xlfn.XLOOKUP($E79,$B$34:$B$54,O$34:O$54),"") | ... S79: =IFERROR(_xlfn.XLOOKUP($E79,$B$34:$B$54,S$34:S$54),"")
B80: =IF(D80<>"","Pr19","") | F80: =IFERROR(_xlfn.XLOOKUP($E80,$B$35:$B$54,$F$35:$F$54),"") | G80: =IFERROR(MID(Vdias,(WEEKDAY(F80,2)-1)*3+1,3)&", "&MID(Vmeses,(MONTH(F80)-1)*3+1,3)&" "&YEAR(F80),"") | H80: =IFERROR(_xlfn.XLOOKUP($E80,$B$34:$B$54,H$34:H$54),"") | I80: =IFERROR(_xlfn.XLOOKUP($E80,$B$34:$B$54,I$34:I$54),"") | J80: =IFERROR(_xlfn.XLOOKUP($E80,$B$34:$B$54,J$34:J$54),"") | K80: =IFERROR(_xlfn.XLOOKUP($E80,$B$34:$B$54,K$34:K$54),"") | L80: =IFERROR(_xlfn.XLOOKUP($E80,$B$34:$B$54,L$34:L$54),"") | M80: =IFERROR(_xlfn.XLOOKUP($E80,$B$34:$B$54,M$34:M$54),"") | N80: =IFERROR(_xlfn.XLOOKUP($E80,$B$34:$B$54,N$34:N$54),"") | O80: =IFERROR(_xlfn.XLOOKUP($E80,$B$34:$B$54,O$34:O$54),"") | ... S80: =IFERROR(_xlfn.XLOOKUP($E80,$B$34:$B$54,S$34:S$54),"")
B81: =IF(D81<>"","Pr20","") | F81: =IFERROR(_xlfn.XLOOKUP($E81,$B$35:$B$54,$F$35:$F$54),"") | G81: =IFERROR(MID(Vdias,(WEEKDAY(F81,2)-1)*3+1,3)&", "&MID(Vmeses,(MONTH(F81)-1)*3+1,3)&" "&YEAR(F81),"") | H81: =IFERROR(_xlfn.XLOOKUP($E81,$B$34:$B$54,H$34:H$54),"") | I81: =IFERROR(_xlfn.XLOOKUP($E81,$B$34:$B$54,I$34:I$54),"") | J81: =IFERROR(_xlfn.XLOOKUP($E81,$B$34:$B$54,J$34:J$54),"") | K81: =IFERROR(_xlfn.XLOOKUP($E81,$B$34:$B$54,K$34:K$54),"") | L81: =IFERROR(_xlfn.XLOOKUP($E81,$B$34:$B$54,L$34:L$54),"") | M81: =IFERROR(_xlfn.XLOOKUP($E81,$B$34:$B$54,M$34:M$54),"") | N81: =IFERROR(_xlfn.XLOOKUP($E81,$B$34:$B$54,N$34:N$54),"") | O81: =IFERROR(_xlfn.XLOOKUP($E81,$B$34:$B$54,O$34:O$54),"") | ... S81: =IFERROR(_xlfn.XLOOKUP($E81,$B$34:$B$54,S$34:S$54),"")
B82: =IF(D82<>"","Pr21","") | F82: =IFERROR(_xlfn.XLOOKUP($E82,$B$35:$B$54,$F$35:$F$54),"") | G82: =IFERROR(MID(Vdias,(WEEKDAY(F82,2)-1)*3+1,3)&", "&MID(Vmeses,(MONTH(F82)-1)*3+1,3)&" "&YEAR(F82),"") | H82: =IFERROR(_xlfn.XLOOKUP($E82,$B$34:$B$54,H$34:H$54),"") | I82: =IFERROR(_xlfn.XLOOKUP($E82,$B$34:$B$54,I$34:I$54),"") | J82: =IFERROR(_xlfn.XLOOKUP($E82,$B$34:$B$54,J$34:J$54),"") | K82: =IFERROR(_xlfn.XLOOKUP($E82,$B$34:$B$54,K$34:K$54),"") | L82: =IFERROR(_xlfn.XLOOKUP($E82,$B$34:$B$54,L$34:L$54),"") | M82: =IFERROR(_xlfn.XLOOKUP($E82,$B$34:$B$54,M$34:M$54),"") | N82: =IFERROR(_xlfn.XLOOKUP($E82,$B$34:$B$54,N$34:N$54),"") | O82: =IFERROR(_xlfn.XLOOKUP($E82,$B$34:$B$54,O$34:O$54),"") | ... S82: =IFERROR(_xlfn.XLOOKUP($E82,$B$34:$B$54,S$34:S$54),"")
B83: =IF(D83<>"","Pr22","") | F83: =IFERROR(_xlfn.XLOOKUP($E83,$B$35:$B$54,$F$35:$F$54),"") | G83: =IFERROR(MID(Vdias,(WEEKDAY(F83,2)-1)*3+1,3)&", "&MID(Vmeses,(MONTH(F83)-1)*3+1,3)&" "&YEAR(F83),"") | H83: =IFERROR(_xlfn.XLOOKUP($E83,$B$34:$B$54,H$34:H$54),"") | I83: =IFERROR(_xlfn.XLOOKUP($E83,$B$34:$B$54,I$34:I$54),"") | J83: =IFERROR(_xlfn.XLOOKUP($E83,$B$34:$B$54,J$34:J$54),"") | K83: =IFERROR(_xlfn.XLOOKUP($E83,$B$34:$B$54,K$34:K$54),"") | L83: =IFERROR(_xlfn.XLOOKUP($E83,$B$34:$B$54,L$34:L$54),"") | M83: =IFERROR(_xlfn.XLOOKUP($E83,$B$34:$B$54,M$34:M$54),"") | N83: =IFERROR(_xlfn.XLOOKUP($E83,$B$34:$B$54,N$34:N$54),"") | O83: =IFERROR(_xlfn.XLOOKUP($E83,$B$34:$B$54,O$34:O$54),"") | ... S83: =IFERROR(_xlfn.XLOOKUP($E83,$B$34:$B$54,S$34:S$54),"")
B84: =IF(D84<>"","Pr23","") | F84: =IFERROR(_xlfn.XLOOKUP($E84,$B$35:$B$54,$F$35:$F$54),"") | G84: =IFERROR(MID(Vdias,(WEEKDAY(F84,2)-1)*3+1,3)&", "&MID(Vmeses,(MONTH(F84)-1)*3+1,3)&" "&YEAR(F84),"") | H84: =IFERROR(_xlfn.XLOOKUP($E84,$B$34:$B$54,H$34:H$54),"") | I84: =IFERROR(_xlfn.XLOOKUP($E84,$B$34:$B$54,I$34:I$54),"") | J84: =IFERROR(_xlfn.XLOOKUP($E84,$B$34:$B$54,J$34:J$54),"") | K84: =IFERROR(_xlfn.XLOOKUP($E84,$B$34:$B$54,K$34:K$54),"") | L84: =IFERROR(_xlfn.XLOOKUP($E84,$B$34:$B$54,L$34:L$54),"") | M84: =IFERROR(_xlfn.XLOOKUP($E84,$B$34:$B$54,M$34:M$54),"") | N84: =IFERROR(_xlfn.XLOOKUP($E84,$B$34:$B$54,N$34:N$54),"") | O84: =IFERROR(_xlfn.XLOOKUP($E84,$B$34:$B$54,O$34:O$54),"") | ... S84: =IFERROR(_xlfn.XLOOKUP($E84,$B$34:$B$54,S$34:S$54),"")
B85: =IF(D85<>"","Pr24","") | F85: =IFERROR(_xlfn.XLOOKUP($E85,$B$35:$B$54,$F$35:$F$54),"") | G85: =IFERROR(MID(Vdias,(WEEKDAY(F85,2)-1)*3+1,3)&", "&MID(Vmeses,(MONTH(F85)-1)*3+1,3)&" "&YEAR(F85),"") | H85: =IFERROR(_xlfn.XLOOKUP($E85,$B$34:$B$54,H$34:H$54),"") | I85: =IFERROR(_xlfn.XLOOKUP($E85,$B$34:$B$54,I$34:I$54),"") | J85: =IFERROR(_xlfn.XLOOKUP($E85,$B$34:$B$54,J$34:J$54),"") | K85: =IFERROR(_xlfn.XLOOKUP($E85,$B$34:$B$54,K$34:K$54),"") | L85: =IFERROR(_xlfn.XLOOKUP($E85,$B$34:$B$54,L$34:L$54),"") | M85: =IFERROR(_xlfn.XLOOKUP($E85,$B$34:$B$54,M$34:M$54),"") | N85: =IFERROR(_xlfn.XLOOKUP($E85,$B$34:$B$54,N$34:N$54),"") | O85: =IFERROR(_xlfn.XLOOKUP($E85,$B$34:$B$54,O$34:O$54),"") | ... S85: =IFERROR(_xlfn.XLOOKUP($E85,$B$34:$B$54,S$34:S$54),"")
B86: =IF(D86<>"","Pr25","") | F86: =IFERROR(_xlfn.XLOOKUP($E86,$B$35:$B$54,$F$35:$F$54),"") | G86: =IFERROR(MID(Vdias,(WEEKDAY(F86,2)-1)*3+1,3)&", "&MID(Vmeses,(MONTH(F86)-1)*3+1,3)&" "&YEAR(F86),"") | H86: =IFERROR(_xlfn.XLOOKUP($E86,$B$34:$B$54,H$34:H$54),"") | I86: =IFERROR(_xlfn.XLOOKUP($E86,$B$34:$B$54,I$34:I$54),"") | J86: =IFERROR(_xlfn.XLOOKUP($E86,$B$34:$B$54,J$34:J$54),"") | K86: =IFERROR(_xlfn.XLOOKUP($E86,$B$34:$B$54,K$34:K$54),"") | L86: =IFERROR(_xlfn.XLOOKUP($E86,$B$34:$B$54,L$34:L$54),"") | M86: =IFERROR(_xlfn.XLOOKUP($E86,$B$34:$B$54,M$34:M$54),"") | N86: =IFERROR(_xlfn.XLOOKUP($E86,$B$34:$B$54,N$34:N$54),"") | O86: =IFERROR(_xlfn.XLOOKUP($E86,$B$34:$B$54,O$34:O$54),"") | ... S86: =IFERROR(_xlfn.XLOOKUP($E86,$B$34:$B$54,S$34:S$54),"")
B87: =IF(D87<>"","Pr26","") | F87: =IFERROR(_xlfn.XLOOKUP($E87,$B$35:$B$54,$F$35:$F$54),"") | G87: =IFERROR(MID(Vdias,(WEEKDAY(F87,2)-1)*3+1,3)&", "&MID(Vmeses,(MONTH(F87)-1)*3+1,3)&" "&YEAR(F87),"") | H87: =IFERROR(_xlfn.XLOOKUP($E87,$B$34:$B$54,H$34:H$54),"") | I87: =IFERROR(_xlfn.XLOOKUP($E87,$B$34:$B$54,I$34:I$54),"") | J87: =IFERROR(_xlfn.XLOOKUP($E87,$B$34:$B$54,J$34:J$54),"") | K87: =IFERROR(_xlfn.XLOOKUP($E87,$B$34:$B$54,K$34:K$54),"") | L87: =IFERROR(_xlfn.XLOOKUP($E87,$B$34:$B$54,L$34:L$54),"") | M87: =IFERROR(_xlfn.XLOOKUP($E87,$B$34:$B$54,M$34:M$54),"") | N87: =IFERROR(_xlfn.XLOOKUP($E87,$B$34:$B$54,N$34:N$54),"") | O87: =IFERROR(_xlfn.XLOOKUP($E87,$B$34:$B$54,O$34:O$54),"") | ... S87: =IFERROR(_xlfn.XLOOKUP($E87,$B$34:$B$54,S$34:S$54),"")
B88: =IF(D88<>"","Pr27","") | F88: =IFERROR(_xlfn.XLOOKUP($E88,$B$35:$B$54,$F$35:$F$54),"") | G88: =IFERROR(MID(Vdias,(WEEKDAY(F88,2)-1)*3+1,3)&", "&MID(Vmeses,(MONTH(F88)-1)*3+1,3)&" "&YEAR(F88),"") | H88: =IFERROR(_xlfn.XLOOKUP($E88,$B$34:$B$54,H$34:H$54),"") | I88: =IFERROR(_xlfn.XLOOKUP($E88,$B$34:$B$54,I$34:I$54),"") | J88: =IFERROR(_xlfn.XLOOKUP($E88,$B$34:$B$54,J$34:J$54),"") | K88: =IFERROR(_xlfn.XLOOKUP($E88,$B$34:$B$54,K$34:K$54),"") | L88: =IFERROR(_xlfn.XLOOKUP($E88,$B$34:$B$54,L$34:L$54),"") | M88: =IFERROR(_xlfn.XLOOKUP($E88,$B$34:$B$54,M$34:M$54),"") | N88: =IFERROR(_xlfn.XLOOKUP($E88,$B$34:$B$54,N$34:N$54),"") | O88: =IFERROR(_xlfn.XLOOKUP($E88,$B$34:$B$54,O$34:O$54),"") | ... S88: =IFERROR(_xlfn.XLOOKUP($E88,$B$34:$B$54,S$34:S$54),"")
B89: =IF(D89<>"","Pr28","") | F89: =IFERROR(_xlfn.XLOOKUP($E89,$B$35:$B$54,$F$35:$F$54),"") | G89: =IFERROR(MID(Vdias,(WEEKDAY(F89,2)-1)*3+1,3)&", "&MID(Vmeses,(MONTH(F89)-1)*3+1,3)&" "&YEAR(F89),"") | H89: =IFERROR(_xlfn.XLOOKUP($E89,$B$34:$B$54,H$34:H$54),"") | I89: =IFERROR(_xlfn.XLOOKUP($E89,$B$34:$B$54,I$34:I$54),"") | J89: =IFERROR(_xlfn.XLOOKUP($E89,$B$34:$B$54,J$34:J$54),"") | K89: =IFERROR(_xlfn.XLOOKUP($E89,$B$34:$B$54,K$34:K$54),"") | L89: =IFERROR(_xlfn.XLOOKUP($E89,$B$34:$B$54,L$34:L$54),"") | M89: =IFERROR(_xlfn.XLOOKUP($E89,$B$34:$B$54,M$34:M$54),"") | N89: =IFERROR(_xlfn.XLOOKUP($E89,$B$34:$B$54,N$34:N$54),"") | O89: =IFERROR(_xlfn.XLOOKUP($E89,$B$34:$B$54,O$34:O$54),"") | ... S89: =IFERROR(_xlfn.XLOOKUP($E89,$B$34:$B$54,S$34:S$54),"")
B90: =IF(D90<>"","Pr29","") | F90: =IFERROR(_xlfn.XLOOKUP($E90,$B$35:$B$54,$F$35:$F$54),"") | G90: =IFERROR(MID(Vdias,(WEEKDAY(F90,2)-1)*3+1,3)&", "&MID(Vmeses,(MONTH(F90)-1)*3+1,3)&" "&YEAR(F90),"") | H90: =IFERROR(_xlfn.XLOOKUP($E90,$B$34:$B$54,H$34:H$54),"") | I90: =IFERROR(_xlfn.XLOOKUP($E90,$B$34:$B$54,I$34:I$54),"") | J90: =IFERROR(_xlfn.XLOOKUP($E90,$B$34:$B$54,J$34:J$54),"") | K90: =IFERROR(_xlfn.XLOOKUP($E90,$B$34:$B$54,K$34:K$54),"") | L90: =IFERROR(_xlfn.XLOOKUP($E90,$B$34:$B$54,L$34:L$54),"") | M90: =IFERROR(_xlfn.XLOOKUP($E90,$B$34:$B$54,M$34:M$54),"") | N90: =IFERROR(_xlfn.XLOOKUP($E90,$B$34:$B$54,N$34:N$54),"") | O90: =IFERROR(_xlfn.XLOOKUP($E90,$B$34:$B$54,O$34:O$54),"") | ... S90: =IFERROR(_xlfn.XLOOKUP($E90,$B$34:$B$54,S$34:S$54),"")
B91: =IF(D91<>"","Pr30","") | F91: =IFERROR(_xlfn.XLOOKUP($E91,$B$35:$B$54,$F$35:$F$54),"") | G91: =IFERROR(MID(Vdias,(WEEKDAY(F91,2)-1)*3+1,3)&", "&MID(Vmeses,(MONTH(F91)-1)*3+1,3)&" "&YEAR(F91),"") | H91: =IFERROR(_xlfn.XLOOKUP($E91,$B$34:$B$54,H$34:H$54),"") | I91: =IFERROR(_xlfn.XLOOKUP($E91,$B$34:$B$54,I$34:I$54),"") | J91: =IFERROR(_xlfn.XLOOKUP($E91,$B$34:$B$54,J$34:J$54),"") | K91: =IFERROR(_xlfn.XLOOKUP($E91,$B$34:$B$54,K$34:K$54),"") | L91: =IFERROR(_xlfn.XLOOKUP($E91,$B$34:$B$54,L$34:L$54),"") | M91: =IFERROR(_xlfn.XLOOKUP($E91,$B$34:$B$54,M$34:M$54),"") | N91: =IFERROR(_xlfn.XLOOKUP($E91,$B$34:$B$54,N$34:N$54),"") | O91: =IFERROR(_xlfn.XLOOKUP($E91,$B$34:$B$54,O$34:O$54),"") | ... S91: =IFERROR(_xlfn.XLOOKUP($E91,$B$34:$B$54,S$34:S$54),"")
B92: =IF(D92<>"","Pr31","") | F92: =IFERROR(_xlfn.XLOOKUP($E92,$B$35:$B$54,$F$35:$F$54),"") | G92: =IFERROR(MID(Vdias,(WEEKDAY(F92,2)-1)*3+1,3)&", "&MID(Vmeses,(MONTH(F92)-1)*3+1,3)&" "&YEAR(F92),"") | H92: =IFERROR(_xlfn.XLOOKUP($E92,$B$34:$B$54,H$34:H$54),"") | I92: =IFERROR(_xlfn.XLOOKUP($E92,$B$34:$B$54,I$34:I$54),"") | J92: =IFERROR(_xlfn.XLOOKUP($E92,$B$34:$B$54,J$34:J$54),"") | K92: =IFERROR(_xlfn.XLOOKUP($E92,$B$34:$B$54,K$34:K$54),"") | L92: =IFERROR(_xlfn.XLOOKUP($E92,$B$34:$B$54,L$34:L$54),"") | M92: =IFERROR(_xlfn.XLOOKUP($E92,$B$34:$B$54,M$34:M$54),"") | N92: =IFERROR(_xlfn.XLOOKUP($E92,$B$34:$B$54,N$34:N$54),"") | O92: =IFERROR(_xlfn.XLOOKUP($E92,$B$34:$B$54,O$34:O$54),"") | ... S92: =IFERROR(_xlfn.XLOOKUP($E92,$B$34:$B$54,S$34:S$54),"")
B93: =IF(D93<>"","Pr32","") | F93: =IFERROR(_xlfn.XLOOKUP($E93,$B$35:$B$54,$F$35:$F$54),"") | G93: =IFERROR(MID(Vdias,(WEEKDAY(F93,2)-1)*3+1,3)&", "&MID(Vmeses,(MONTH(F93)-1)*3+1,3)&" "&YEAR(F93),"") | H93: =IFERROR(_xlfn.XLOOKUP($E93,$B$34:$B$54,H$34:H$54),"") | I93: =IFERROR(_xlfn.XLOOKUP($E93,$B$34:$B$54,I$34:I$54),"") | J93: =IFERROR(_xlfn.XLOOKUP($E93,$B$34:$B$54,J$34:J$54),"") | K93: =IFERROR(_xlfn.XLOOKUP($E93,$B$34:$B$54,K$34:K$54),"") | L93: =IFERROR(_xlfn.XLOOKUP($E93,$B$34:$B$54,L$34:L$54),"") | M93: =IFERROR(_xlfn.XLOOKUP($E93,$B$34:$B$54,M$34:M$54),"") | N93: =IFERROR(_xlfn.XLOOKUP($E93,$B$34:$B$54,N$34:N$54),"") | O93: =IFERROR(_xlfn.XLOOKUP($E93,$B$34:$B$54,O$34:O$54),"") | ... S93: =IFERROR(_xlfn.XLOOKUP($E93,$B$34:$B$54,S$34:S$54),"")
B94: =IF(D94<>"","Pr33","") | F94: =IFERROR(_xlfn.XLOOKUP($E94,$B$35:$B$54,$F$35:$F$54),"") | G94: =IFERROR(MID(Vdias,(WEEKDAY(F94,2)-1)*3+1,3)&", "&MID(Vmeses,(MONTH(F94)-1)*3+1,3)&" "&YEAR(F94),"") | H94: =IFERROR(_xlfn.XLOOKUP($E94,$B$34:$B$54,H$34:H$54),"") | I94: =IFERROR(_xlfn.XLOOKUP($E94,$B$34:$B$54,I$34:I$54),"") | J94: =IFERROR(_xlfn.XLOOKUP($E94,$B$34:$B$54,J$34:J$54),"") | K94: =IFERROR(_xlfn.XLOOKUP($E94,$B$34:$B$54,K$34:K$54),"") | L94: =IFERROR(_xlfn.XLOOKUP($E94,$B$34:$B$54,L$34:L$54),"") | M94: =IFERROR(_xlfn.XLOOKUP($E94,$B$34:$B$54,M$34:M$54),"") | N94: =IFERROR(_xlfn.XLOOKUP($E94,$B$34:$B$54,N$34:N$54),"") | O94: =IFERROR(_xlfn.XLOOKUP($E94,$B$34:$B$54,O$34:O$54),"") | ... S94: =IFERROR(_xlfn.XLOOKUP($E94,$B$34:$B$54,S$34:S$54),"")
B95: =33-COUNTIF(B62:B94,"") -> 3 | C95: =SUM(C62:C94) -> 15 | D95: ƩN.Práct. | E95: ƩH. Total
S96: =IModulo&" ("&IProfesor&")" -> FPM-it-1-0237 Infra. comunes de teleco en viviendas y edificios (Rafa Sanz)

Sheet Fchs
A1: ="Fechas. Horario y calendario curso: "&AñoInicioCurso&" - "&AñoInicioCurso+1 -> Fechas. Horario y calendario curso: 2025 - 2026 | N1: =FechaHoy -> 46099
B2: =IModulo&" ("&IProfesor&")" -> FPM-it-1-0237 Infra. comunes de teleco en viviendas y edificios (Rafa Sanz) | O2: https://educa.aragon.es/calendario-escolar
B3: Trimestres
E4: Fechas 1ª. Tri. | H4: Fechas 2ª. Tri. | K4: Fechas 3ª. Tri. | N4: Fechas Ord. y Ext.
B5: Año incio | C5: 2025 | D5: Inicio 1ª. Tri. | E5: 45915 | F5: =MID(Info!$AZ$3,(WEEKDAY(E5,2)-1)*3+1,3) -> Lun | G5: Inicio 2ª Tri. | H5: 45992 | I5: =MID(Info!$AZ$3,(WEEKDAY(H5,2)-1)*3+1,3) -> Lun | J5: Inicio 3ª Tri. | K5: 46097 | L5: =MID(Info!$AZ$3,(WEEKDAY(K5,2)-1)*3+1,3) -> Lun | M5: Inicio FinalOrd. | N5: 46174 | O5: =MID(Info!$AZ$3,(WEEKDAY(N5,2)-1)*3+1,3) -> Lun
B6: Año fin | C6: =AñoInicioCurso+1 -> 2026 | D6: Fin 1ª Tri. | E6: 45989 | F6: =MID(Info!$AZ$3,(WEEKDAY(E6,2)-1)*3+1,3) -> Vie | G6: Fin 2ª Tri. | H6: 46094 | I6: =MID(Info!$AZ$3,(WEEKDAY(H6,2)-1)*3+1,3) -> Vie | J6: Fin 3ª Tri. | K6: 46171 | L6: =MID(Info!$AZ$3,(WEEKDAY(K6,2)-1)*3+1,3) -> Vie | M6: Fin ExtraOrd. | N6: 46195 | O6: =MID(Info!$AZ$3,(WEEKDAY(N6,2)-1)*3+1,3) -> Lun
B7: Días | C7: =SUM(D7:N7) -> 271 | E7: =_xlfn.DAYS(FechaFin1Tri,FechaInicio1Tri) -> 74 | H7: =_xlfn.DAYS(FechaFin2Tri,FechaInicio2Tri) -> 102 | K7: =_xlfn.DAYS(FechaFin3Tri,FechaInicio3Tri) -> 74 | N7: =_xlfn.DAYS(FechaFinEEva,FechaInicioEEva) -> 21 | O7: Días
B9: Ponderación por trimestres | I9: Horario semanal
B10: 1ºCurso = 3Tri., 2ºCurso = 2Tri. | J10: 1 | K10: 2 | L10: 3 | M10: 4 | N10: 5
E11: % Ev. | I11: Nº. Tri. | J11: Lun | K11: Mar | L11: Mié | M11: Jue | N11: Vie | O11: H.Real
B12: Fecha inicio | C12: Fecha fin | D12: Tri. | E12: 2 | F12: 3 | G12: % Tri. | I12: =IF(NTri>2,"3 Tri.","2 Tri.") -> 3 Tri. | J12: 1 | K12: 1 | L12: 1 | M12: 1 | N12: 1 | O12: =SUM(J12:N12) -> 5
A13: 1 | B13: =FechaInicio1Tri -> 45915 | C13: =FechaFin1Tri -> 45989 | D13: 1º Tri. | E13: 0.4 | F13: 0.25 | G13: =_xlfn.XLOOKUP(NTri,$E$12:$F$12,$E13:$F13) -> 0.25 | I13: 1ª Ev. | J13: =SUMIFS(Flts!$AS$14:$AS$349,Flts!$B$14:$B$349,J$11,Flts!$AP$14:$AP$349,"X") -> 9 | K13: =SUMIFS(Flts!$AS$14:$AS$349,Flts!$B$14:$B$349,K$11,Flts!$AP$14:$AP$349,"X") -> 11 | L13: =SUMIFS(Flts!$AS$14:$AS$349,Flts!$B$14:$B$349,L$11,Flts!$AP$14:$AP$349,"X") -> 11 | M13: =SUMIFS(Flts!$AS$14:$AS$349,Flts!$B$14:$B$349,M$11,Flts!$AP$14:$AP$349,"X") -> 11 | N13: =SUMIFS(Flts!$AS$14:$AS$349,Flts!$B$14:$B$349,N$11,Flts!$AP$14:$AP$349,"X") -> 10 | O13: =SUM(J13:N13) -> 52
A14: 2 | B14: =FechaInicio2Tri -> 45992 | C14: =FechaFin2Tri -> 46094 | D14: 2º Tri. | E14: 0.6 | F14: 0.35 | G14: =_xlfn.XLOOKUP(NTri,$E$12:$F$12,$E14:$F14) -> 0.35 | I14: =IF(NTri>2,"2ª Ev.","FinalOrd.") -> 2ª Ev. | J14: =SUMIFS(Flts!$AS$14:$AS$349,Flts!$B$14:$B$349,J$11,Flts!$AQ$14:$AQ$349,"X") -> 7 | K14: =SUMIFS(Flts!$AS$14:$AS$349,Flts!$B$14:$B$349,K$11,Flts!$AQ$14:$AQ$349,"X") -> 8 | L14: =SUMIFS(Flts!$AS$14:$AS$349,Flts!$B$14:$B$349,L$11,Flts!$AQ$14:$AQ$349,"X") -> 9 | M14: =SUMIFS(Flts!$AS$14:$AS$349,Flts!$B$14:$B$349,M$11,Flts!$AQ$14:$AQ$349,"X") -> 8 | N14: =SUMIFS(Flts!$AS$14:$AS$349,Flts!$B$14:$B$349,N$11,Flts!$AQ$14:$AQ$349,"X") -> 8 | O14: =SUM(J14:N14) -> 40
A15: 3 | B15: =IF(NTri=3,FechaInicio3Tri,"") -> 46097 | C15: =IF(NTri=3,FechaFin3Tri,"") -> 46171 | D15: =IF(NTri=3,"3º Tri.","") -> 3º Tri. | E15: 0 | F15: 0.4 | G15: =_xlfn.XLOOKUP(NTri,$E$12:$F$12,$E15:$F15) -> 0.4 | I15: =IF(NTri>2,"FinalOrd.","") -> FinalOrd. | J15: =IF(NTri>2,(SUMIFS(Flts!$AS$14:$AS$349,Flts!$B$14:$B$349,J$11,Flts!$AR$14:$AR$349,"X")),0) -> 9 | K15: =IF(NTri>2,(SUMIFS(Flts!$AS$14:$AS$349,Flts!$B$14:$B$349,K$11,Flts!$AR$14:$AR$349,"X")),0) -> 10 | L15: =IF(NTri>2,(SUMIFS(Flts!$AS$14:$AS$349,Flts!$B$14:$B$349,L$11,Flts!$AR$14:$AR$349,"X")),0) -> 10 | M15: =IF(NTri>2,(SUMIFS(Flts!$AS$14:$AS$349,Flts!$B$14:$B$349,M$11,Flts!$AR$14:$AR$349,"X")),0) -> 9 | N15: =IF(NTri>2,(SUMIFS(Flts!$AS$14:$AS$349,Flts!$B$14:$B$349,N$11,Flts!$AR$14:$AR$349,"X")),0) -> 8 | O15: =IF(NTri=3,SUM(J15:N15),"") -> 46
E16: =SUM(E13:E15) -> 1 | F16: =SUM(F13:F15) -> 1 | G16: =SUM(G13:G15) -> 1 | J16: =SUM(J13:J15) -> 25 | K16: =SUM(K13:K15) -> 29 | L16: =SUM(L13:L15) -> 30 | M16: =SUM(M13:M15) -> 28 | N16: =SUM(N13:N15) -> 26 | O16: =SUM(O13:O15) -> 138
B18: Unidades didácticas. Contenidos (Conocimiento) | I18: Prácticas. Informes técnicos (Procedimiento)
B20: UD | C20: Unidades didácticas | E20: Fecha Prev. | F20: Día, Mes Año | G20: Horas Prev. | I20: Práctica/UD. | J20: Prácticas | M20: Fecha Prev. | N20: Día, Mes Año | O20: Horas Prev.
B21: =CoUD00 -> UD00 | C21: =UnDi00 -> pw | E21: =UDs!F34 -> 45915 | F21: =UDs!G34 -> Lun, Sep 2025 | G21: =UDs!C34 -> 1 | I21: =IF(UDs!D62<>"",UDs!B62&" / "&UDs!E62,"") -> Pr01 / UD01 | J21: =Pract01 -> aasds | M21: =UDs!F62 -> 45916 | N21: =UDs!G62 -> Mar, Sep 2025 | O21: =UDs!C62 -> 4
B22: =CoUD01 -> UD01 | C22: =UnDi01 -> ysbu | E22: =UDs!F35 -> 45916 | F22: =UDs!G35 -> Mar, Sep 2025 | G22: =UDs!C35 -> 34 | I22: =IF(UDs!D63<>"",UDs!B63&" / "&UDs!E63,"") -> Pr02 / UD02 | J22: =Pract02 -> DSDSSDASDA | M22: =UDs!F63 -> 45967 | N22: =UDs!G63 -> Jue, Nov 2025 | O22: =UDs!C63 -> 7
B23: =CoUD02 -> UD02 | C23: =UnDi02 -> sdfdfasdfdsa | E23: =UDs!F36 -> 45967 | F23: =UDs!G36 -> Jue, Nov 2025 | G23: =UDs!C36 -> 44 | I23: =IF(UDs!D64<>"",UDs!B64&" / "&UDs!E64,"") -> Pr03 / UD02 | J23: =Pract03 -> jkljkl | M23: =UDs!F64 -> 45967 | N23: =UDs!G64 -> Jue, Nov 2025 | O23: =UDs!C64 -> 4
B24: =CoUD03 | C24: =UnDi03 -> 0 | E24: =UDs!F37 -> 46048 | F24: =UDs!G37 -> Lun, Ene 2026 | G24: =UDs!C37 -> 32 | I24: =IF(UDs!D65<>"",UDs!B65&" / "&UDs!E65,"") | J24: =Pract04 -> 0 | M24: =UDs!F65 | N24: =UDs!G65 | O24: =UDs!C65 -> 0
B25: =CoUD04 | C25: =UnDi04 -> 0 | E25: =UDs!F38 -> 46048 | F25: =UDs!G38 -> Lun, Ene 2026 | G25: =UDs!C38 -> 54 | I25: =IF(UDs!D66<>"",UDs!B66&" / "&UDs!E66,"") | J25: =Pract05 -> 0 | M25: =UDs!F66 | N25: =UDs!G66 | O25: =UDs!C66 -> 0
B26: =CoUD05 | C26: =UnDi05 -> 0 | E26: =UDs!F39 -> 46048 | F26: =UDs!G39 -> Lun, Ene 2026 | G26: =UDs!C39 -> 24 | I26: =IF(UDs!D67<>"",UDs!B67&" / "&UDs!E67,"") | J26: =Pract06 -> 0 | M26: =UDs!F67 | N26: =UDs!G67 | O26: =UDs!C67 -> 0
B27: =CoUD06 | C27: =UnDi06 -> 0 | E27: =UDs!F40 -> 46048 | F27: =UDs!G40 -> Lun, Ene 2026 | G27: =UDs!C40 -> 29 | I27: =IF(UDs!D68<>"",UDs!B68&" / "&UDs!E68,"") | J27: =Pract07 -> 0 | M27: =UDs!F68 | N27: =UDs!G68 | O27: =UDs!C68 -> 0
B28: =CoUD07 | C28: =UnDi07 -> 0 | E28: =UDs!F41 | F28: =UDs!G41 | G28: =UDs!C41 -> 0 | I28: =IF(UDs!D69<>"",UDs!B69&" / "&UDs!E69,"") | J28: =Pract08 -> 0 | M28: =UDs!F69 | N28: =UDs!G69 | O28: =UDs!C69 -> 0
B29: =CoUD08 | C29: =UnDi08 -> 0 | E29: =UDs!F42 | F29: =UDs!G42 | G29: =UDs!C42 -> 0 | I29: =IF(UDs!D70<>"",UDs!B70&" / "&UDs!E70,"") | J29: =Pract09 -> 0 | M29: =UDs!F70 | N29: =UDs!G70 | O29: =UDs!C70 -> 0
B30: =CoUD09 | C30: =UnDi09 -> 0 | E30: =UDs!F43 | F30: =UDs!G43 | G30: =UDs!C43 -> 0 | I30: =IF(UDs!D71<>"",UDs!B71&" / "&UDs!E71,"") | J30: =Pract10 -> 0 | M30: =UDs!F71 | N30: =UDs!G71 | O30: =UDs!C71 -> 0
B31: =CoUD10 | C31: =UnDi10 -> 0 | E31: =UDs!F44 | F31: =UDs!G44 | G31: =UDs!C44 -> 0 | I31: =IF(UDs!D72<>"",UDs!B72&" / "&UDs!E72,"") | J31: =Pract11 -> 0 | M31: =UDs!F72 | N31: =UDs!G72 | O31: =UDs!C72 -> 0
B32: =CoUD11 | C32: =UnDi11 -> 0 | E32: =UDs!F45 | F32: =UDs!G45 | G32: =UDs!C45 -> 0 | I32: =IF(UDs!D73<>"",UDs!B73&" / "&UDs!E73,"") | J32: =Pract12 -> 0 | M32: =UDs!F73 | N32: =UDs!G73 | O32: =UDs!C73 -> 0
B33: =CoUD12 | C33: =UnDi12 -> 0 | E33: =UDs!F46 | F33: =UDs!G46 | G33: =UDs!C46 -> 0 | I33: =IF(UDs!D74<>"",UDs!B74&" / "&UDs!E74,"") | J33: =Pract13 -> 0 | M33: =UDs!F74 | N33: =UDs!G74 | O33: =UDs!C74 -> 0
B34: =CoUD13 | C34: =UnDi13 -> 0 | E34: =UDs!F47 | F34: =UDs!G47 | G34: =UDs!C47 -> 0 | I34: =IF(UDs!D75<>"",UDs!B75&" / "&UDs!E75,"") | J34: =Pract14 -> 0 | M34: =UDs!F75 | N34: =UDs!G75 | O34: =UDs!C75 -> 0
B35: =CoUD14 | C35: =UnDi14 -> 0 | E35: =UDs!F48 | F35: =UDs!G48 | G35: =UDs!C48 -> 0 | I35: =IF(UDs!D76<>"",UDs!B76&" / "&UDs!E76,"") | J35: =Pract15 -> 0 | M35: =UDs!F76 | N35: =UDs!G76 | O35: =UDs!C76 -> 0
B36: =CoUD15 | C36: =UnDi15 -> 0 | E36: =UDs!F49 | F36: =UDs!G49 | G36: =UDs!C49 -> 0 | I36: =IF(UDs!D77<>"",UDs!B77&" / "&UDs!E77,"") | J36: =Pract16 -> 0 | M36: =UDs!F77 | N36: =UDs!G77 | O36: =UDs!C77 -> 0
B37: =CoUD16 | C37: =UnDi16 -> 0 | E37: =UDs!F50 | F37: =UDs!G50 | G37: =UDs!C50 -> 0 | I37: =IF(UDs!D78<>"",UDs!B78&" / "&UDs!E78,"") | J37: =Pract17 -> 0 | M37: =UDs!F78 | N37: =UDs!G78 | O37: =UDs!C78 -> 0
B38: =CoUD17 | C38: =UnDi17 -> 0 | E38: =UDs!F51 | F38: =UDs!G51 | G38: =UDs!C51 -> 0 | I38: =IF(UDs!D79<>"",UDs!B79&" / "&UDs!E79,"") | J38: =Pract18 -> 0 | M38: =UDs!F79 | N38: =UDs!G79 | O38: =UDs!C79 -> 0
B39: =CoUD18 | C39: =UnDi18 -> 0 | E39: =UDs!F52 | F39: =UDs!G52 | G39: =UDs!C52 -> 0 | I39: =IF(UDs!D80<>"",UDs!B80&" / "&UDs!E80,"") | J39: =Pract19 -> 0 | M39: =UDs!F80 | N39: =UDs!G80 | O39: =UDs!C80 -> 0
B40: =CoUD19 | C40: =UnDi19 -> 0 | E40: =UDs!F53 | F40: =UDs!G53 | G40: =UDs!C53 -> 0 | I40: =IF(UDs!D81<>"",UDs!B81&" / "&UDs!E81,"") | J40: =Pract20 -> 0 | M40: =UDs!F81 | N40: =UDs!G81 | O40: =UDs!C81 -> 0
B41: =CoUD20 | C41: =UnDi20 -> 0 | E41: =UDs!F54 | F41: =UDs!G54 | G41: =UDs!C54 -> 0 | I41: =IF(UDs!D82<>"",UDs!B82&" / "&UDs!E82,"") | J41: =Pract21 -> 0 | M41: =UDs!F82 | N41: =UDs!G82 | O41: =UDs!C82 -> 0
B42: =CoUDCM -> NoOk | F42: =UnDiCM -> NoOk ¡Atención! Falta/n -80 hora/s | G42: =UDs!C55 -> -80 | I42: =IF(UDs!D83<>"",UDs!B83&" / "&UDs!E83,"") | J42: =Pract22 -> 0 | M42: =UDs!F83 | N42: =UDs!G83 | O42: =UDs!C83 -> 0
I43: =IF(UDs!D84<>"",UDs!B84&" / "&UDs!E84,"") | J43: =Pract23 -> 0 | M43: =UDs!F84 | N43: =UDs!G84 | O43: =UDs!C84 -> 0
I44: =IF(UDs!D85<>"",UDs!B85&" / "&UDs!E85,"") | J44: =Pract24 -> 0 | M44: =UDs!F85 | N44: =UDs!G85 | O44: =UDs!C85 -> 0
I45: =IF(UDs!D86<>"",UDs!B86&" / "&UDs!E86,"") | J45: =Pract25 -> 0 | M45: =UDs!F86 | N45: =UDs!G86 | O45: =UDs!C86 -> 0
I46: =IF(UDs!D87<>"",UDs!B87&" / "&UDs!E87,"") | J46: =Pract26 -> 0 | M46: =UDs!F87 | N46: =UDs!G87 | O46: =UDs!C87 -> 0
I47: =IF(UDs!D88<>"",UDs!B88&" / "&UDs!E88,"") | J47: =Pract27 -> 0 | M47: =UDs!F88 | N47: =UDs!G88 | O47: =UDs!C88 -> 0
I48: =IF(UDs!D89<>"",UDs!B89&" / "&UDs!E89,"") | J48: =Pract28 -> 0 | M48: =UDs!F89 | N48: =UDs!G89 | O48: =UDs!C89 -> 0
I49: =IF(UDs!D90<>"",UDs!B90&" / "&UDs!E90,"") | J49: =Pract29 -> 0 | M49: =UDs!F90 | N49: =UDs!G90 | O49: =UDs!C90 -> 0
I50: =IF(UDs!D91<>"",UDs!B91&" / "&UDs!E91,"") | J50: =Pract30 -> 0 | M50: =UDs!F91 | N50: =UDs!G91 | O50: =UDs!C91 -> 0
I51: =IF(UDs!D92<>"",UDs!B92&" / "&UDs!E92,"") | J51: =Pract31 -> 0 | M51: =UDs!F92 | N51: =UDs!G92 | O51: =UDs!C92 -> 0
I52: =IF(UDs!D93<>"",UDs!B93&" / "&UDs!E93,"") | J52: =Pract32 -> 0 | M52: =UDs!F93 | N52: =UDs!G93 | O52: =UDs!C93 -> 0
I53: =IF(UDs!D94<>"",UDs!B94&" / "&UDs!E94,"") | J53: =Pract33 -> 0 | M53: =UDs!F94 | N53: =UDs!G94 | O53: =UDs!C94 -> 0
B55: ="Calendario. Primer trimestre académico, final de "&AñoInicioCurso -> Calendario. Primer trimestre académico, final de 2025
B57: Fecha | C57: Mes | D57: Festivos | E57: Relevantes | F57: Mes | G57: Festivos | H57: Relevantes | I57: Mes | J57: Festivos | K57: Relevantes | L57: Mes | M57: Festivos | N57: Relevantes | O57: Fecha
B58: 1º Tri. | C58: 1º trimestre. 1ª Ev. en 1º y 2º curso. | O58: 1º Tri.
B59: =AñoInicioCurso -> 2025 | C59: =DATE(B59,9,1) -> 45901 | D59: Festivos | E59: Relevantes | F59: =DATE(B59,10,1) -> 45931 | G59: Festivos | H59: Relevantes | I59: =DATE(B59,11,1) -> 45962 | J59: Festivos | K59: Relevantes | L59: =DATE(B59,12,1) -> 45992 | M59: Festivos | N59: Relevantes | O59: =AñoInicioCurso -> 2025
B60: Lun | C60: =IF(WEEKDAY(C59,2)=1,C59,0) -> 45901 | F60: =IF(WEEKDAY(F59,2)=1,F59,0) -> 0 | I60: =IF(WEEKDAY(I59,2)=1,I59,0) -> 0 | L60: =IF(WEEKDAY(L59,2)=1,L59,0) -> 45992 | O60: Lun
B61: Mar | C61: =IF(WEEKDAY(C59,2)=2,C59,IF(WEEKDAY(C59,2)<2,C60+1,0)) -> 45902 | F61: =IF(WEEKDAY(F59,2)=2,F59,IF(WEEKDAY(F59,2)<2,F60+1,0)) -> 0 | I61: =IF(WEEKDAY(I59,2)=2,I59,IF(WEEKDAY(I59,2)<2,I60+1,0)) -> 0 | L61: =IF(WEEKDAY(L59,2)=2,L59,IF(WEEKDAY(L59,2)<2,L60+1,0)) -> 45993 | O61: Mar
B62: Mié | C62: =IF(WEEKDAY(C59,2)=3,C59,IF(WEEKDAY(C59,2)<3,C61+1,0)) -> 45903 | F62: =IF(WEEKDAY(F59,2)=3,F59,IF(WEEKDAY(F59,2)<3,F61+1,0)) -> 45931 | I62: =IF(WEEKDAY(I59,2)=3,I59,IF(WEEKDAY(I59,2)<3,I61+1,0)) -> 0 | L62: =IF(WEEKDAY(L59,2)=3,L59,IF(WEEKDAY(L59,2)<3,L61+1,0)) -> 45994 | N62: 2ºGx-Junta 1ªEv. | O62: Mié
B63: Jue | C63: =IF(WEEKDAY(C59,2)=4,C59,IF(WEEKDAY(C59,2)<4,C62+1,0)) -> 45904 | E63: FCT+Pry. ExtraOrd | F63: =IF(WEEKDAY(F59,2)=4,F59,IF(WEEKDAY(F59,2)<4,F62+1,0)) -> 45932 | I63: =IF(WEEKDAY(I59,2)=4,I59,IF(WEEKDAY(I59,2)<4,I62+1,0)) -> 0 | L63: =IF(WEEKDAY(L59,2)=4,L59,IF(WEEKDAY(L59,2)<4,L62+1,0)) -> 45995 | O63: Jue
B64: Vie | C64: =IF(WEEKDAY(C59,2)=5,C59,IF(WEEKDAY(C59,2)<5,C63+1,0)) -> 45905 | F64: =IF(WEEKDAY(F59,2)=5,F59,IF(WEEKDAY(F59,2)<5,F63+1,0)) -> 45933 | I64: =IF(WEEKDAY(I59,2)=5,I59,IF(WEEKDAY(I59,2)<5,I63+1,0)) -> 0 | L64: =IF(WEEKDAY(L59,2)=5,L59,IF(WEEKDAY(L59,2)<5,L63+1,0)) -> 45996 | N64: 2ºGx-Boletín 1ªEv. | O64: Vie
B65: Sáb | C65: =IF(WEEKDAY(C59,2)=6,C59,IF(WEEKDAY(C59,2)<6,C64+1,0)) -> 45906 | F65: =IF(WEEKDAY(F59,2)=6,F59,IF(WEEKDAY(F59,2)<6,F64+1,0)) -> 45934 | I65: =IF(WEEKDAY(I59,2)=6,I59,IF(WEEKDAY(I59,2)<6,I64+1,0)) -> 45962 | L65: =IF(WEEKDAY(L59,2)=6,L59,IF(WEEKDAY(L59,2)<6,L64+1,0)) -> 45997 | O65: Sáb
B66: Dom | C66: =IF(WEEKDAY(C59,2)=7,C59,IF(WEEKDAY(C59,2)<7,C65+1,0)) -> 45907 | F66: =IF(WEEKDAY(F59,2)=7,F59,IF(WEEKDAY(F59,2)<7,F65+1,0)) -> 45935 | I66: =IF(WEEKDAY(I59,2)=7,I59,IF(WEEKDAY(I59,2)<7,I65+1,0)) -> 45963 | L66: =IF(WEEKDAY(L59,2)=7,L59,IF(WEEKDAY(L59,2)<7,L65+1,0)) -> 45998 | O66: Dom
B67: Lun | C67: =C66+1 -> 45908 | F67: =F66+1 -> 45936 | I67: =I66+1 -> 45964 | J67: TodosSantos | L67: =L66+1 -> 45999 | M67: Constitución | O67: Lun
B68: Mar | C68: =C67+1 -> 45909 | F68: =F67+1 -> 45937 | I68: =I67+1 -> 45965 | L68: =L67+1 -> 46000 | N68: 2ºGS-S.Pry. ExOrd | O68: Mar
B69: Mié | C69: =C68+1 -> 45910 | F69: =F68+1 -> 45938 | I69: =I68+1 -> 45966 | L69: =L68+1 -> 46001 | N69: 2ºGS-S.Pry. ExOrd | O69: Mié
B70: Jue | C70: =C69+1 -> 45911 | E70: Presentación | F70: =F69+1 -> 45939 | I70: =I69+1 -> 45967 | L70: =L69+1 -> 46002 | N70: 2ºGS-S.Pry. ExOrd | O70: Jue
B71: Vie | C71: =C70+1 -> 45912 | E71: Inicio clases | F71: =F70+1 -> 45940 | G71: Pilares | I71: =I70+1 -> 45968 | L71: =L70+1 -> 46003 | N71: 2ºGS-S.Pry. ExOrd | O71: Vie
B72: Sáb | C72: =C71+1 -> 45913 | F72: =F71+1 -> 45941 | I72: =I71+1 -> 45969 | L72: =L71+1 -> 46004 | O72: Sáb
B73: Dom | C73: =C72+1 -> 45914 | F73: =F72+1 -> 45942 | I73: =I72+1 -> 45970 | L73: =L72+1 -> 46005 | O73: Dom
B74: Lun | C74: =C73+1 -> 45915 | F74: =F73+1 -> 45943 | G74: Pilares | I74: =I73+1 -> 45971 | L74: =L73+1 -> 46006 | N74: 2ºGS-Ev.FCT-PRY | O74: Lun
B75: Mar | C75: =C74+1 -> 45916 | F75: =F74+1 -> 45944 | I75: =I74+1 -> 45972 | L75: =L74+1 -> 46007 | N75: 2ºGS-Boletines FCT | O75: Mar
B76: Mié | C76: =C75+1 -> 45917 | F76: =F75+1 -> 45945 | I76: =I75+1 -> 45973 | L76: =L75+1 -> 46008 | N76: 2ºGx-Reclama+1d | O76: Mié
B77: Jue | C77: =C76+1 -> 45918 | F77: =F76+1 -> 45946 | I77: =I76+1 -> 45974 | L77: =L76+1 -> 46009 | O77: Jue
B78: Vie | C78: =C77+1 -> 45919 | F78: =F77+1 -> 45947 | I78: =I77+1 -> 45975 | L78: =L77+1 -> 46010 | O78: Vie
B79: Sáb | C79: =C78+1 -> 45920 | F79: =F78+1 -> 45948 | I79: =I78+1 -> 45976 | L79: =L78+1 -> 46011 | O79: Sáb
B80: Dom | C80: =C79+1 -> 45921 | F80: =F79+1 -> 45949 | I80: =I79+1 -> 45977 | L80: =L79+1 -> 46012 | O80: Dom
B81: Lun | C81: =C80+1 -> 45922 | F81: =F80+1 -> 45950 | I81: =I80+1 -> 45978 | K81: 1ºGx-Exam.1ªEv. | L81: =L80+1 -> 46013 | M81: Navidad | O81: Lun
B82: Mar | C82: =C81+1 -> 45923 | F82: =F81+1 -> 45951 | I82: =I81+1 -> 45979 | L82: =L81+1 -> 46014 | M82: Navidad | O82: Mar
B83: Mié | C83: =C82+1 -> 45924 | F83: =F82+1 -> 45952 | I83: =I82+1 -> 45980 | L83: =L82+1 -> 46015 | M83: Navidad | O83: Mié
B84: Jue | C84: =C83+1 -> 45925 | F84: =F83+1 -> 45953 | I84: =I83+1 -> 45981 | L84: =L83+1 -> 46016 | M84: Navidad | O84: Jue
B85: Vie | C85: =C84+1 -> 45926 | F85: =F84+1 -> 45954 | I85: =I84+1 -> 45982 | L85: =L84+1 -> 46017 | M85: Navidad | O85: Vie
B86: Sáb | C86: =C85+1 -> 45927 | F86: =F85+1 -> 45955 | I86: =I85+1 -> 45983 | L86: =L85+1 -> 46018 | O86: Sáb
B87: Dom | C87: =C86+1 -> 45928 | F87: =F86+1 -> 45956 | I87: =I86+1 -> 45984 | L87: =L86+1 -> 46019 | O87: Dom
B88: Lun | C88: =IF(MONTH(C74+14)=MONTH(C74),C74+14,0) -> 45929 | F88: =IF(MONTH(F74+14)=MONTH(F74),F74+14,0) -> 45957 | I88: =IF(MONTH(I74+14)=MONTH(I74),I74+14,0) -> 45985 | L88: =IF(MONTH(L74+14)=MONTH(L74),L74+14,0) -> 46020 | M88: Navidad | O88: Lun
B89: Mar | C89: =IF(MONTH(C75+14)=MONTH(C75),C75+14,0) -> 45930 | F89: =IF(MONTH(F75+14)=MONTH(F75),F75+14,0) -> 45958 | I89: =IF(MONTH(I75+14)=MONTH(I75),I75+14,0) -> 45986 | L89: =IF(MONTH(L75+14)=MONTH(L75),L75+14,0) -> 46021 | M89: Navidad | O89: Mar
B90: Mié | C90: =IF(MONTH(C76+14)=MONTH(C76),C76+14,0) -> 0 | F90: =IF(MONTH(F76+14)=MONTH(F76),F76+14,0) -> 45959 | I90: =IF(MONTH(I76+14)=MONTH(I76),I76+14,0) -> 45987 | K90: 1ºGx-Junta 1ªEv. | L90: =IF(MONTH(L76+14)=MONTH(L76),L76+14,0) -> 46022 | M90: Navidad | O90: Mié
B91: Jue | C91: =IF(MONTH(C77+14)=MONTH(C77),C77+14,0) -> 0 | E91: xºGx- Rn.Familias | F91: =IF(MONTH(F77+14)=MONTH(F77),F77+14,0) -> 45960 | I91: =IF(MONTH(I77+14)=MONTH(I77),I77+14,0) -> 45988 | L91: =IF(MONTH(L77+14)=MONTH(L77),L77+14,0) -> 0 | O91: Jue
B92: Vie | C92: =IF(MONTH(C78+14)=MONTH(C78),C78+14,0) -> 0 | F92: =IF(MONTH(F78+14)=MONTH(F78),F78+14,0) -> 45961 | I92: =IF(MONTH(I78+14)=MONTH(I78),I78+14,0) -> 45989 | K92: 1ºGx-Boletín 1ªEv. | L92: =IF(MONTH(L78+14)=MONTH(L78),L78+14,0) -> 0 | O92: Vie
B93: Sáb | C93: =IF(MONTH(C79+14)=MONTH(C79),C79+14,0) -> 0 | F93: =IF(MONTH(F79+14)=MONTH(F79),F79+14,0) -> 0 | H93: 1ºGx-Ev.Predictiva | I93: =IF(MONTH(I79+14)=MONTH(I79),I79+14,0) -> 45990 | L93: =IF(MONTH(L79+14)=MONTH(L79),L79+14,0) -> 0 | O93: Sáb
B94: Dom | C94: =IF(MONTH(C80+14)=MONTH(C80),C80+14,0) -> 0 | F94: =IF(MONTH(F80+14)=MONTH(F80),F80+14,0) -> 0 | I94: =IF(MONTH(I80+14)=MONTH(I80),I80+14,0) -> 45991 | L94: =IF(MONTH(L80+14)=MONTH(L80),L80+14,0) -> 0 | O94: Dom
B95: Lun | C95: =IF(MONTH(C81+14)=MONTH(C81),C81+14,0) -> 0 | F95: =IF(MONTH(F81+14)=MONTH(F81),F81+14,0) -> 0 | I95: =IF(MONTH(I81+14)=MONTH(I81),I81+14,0) -> 0 | L95: =IF(MONTH(L81+14)=MONTH(L81),L81+14,0) -> 0 | O95: Lun
B96: Mar | C96: =IF(MONTH(C82+14)=MONTH(C82),C82+14,0) -> 0 | F96: =IF(MONTH(F82+14)=MONTH(F82),F82+14,0) -> 0 | I96: =IF(MONTH(I82+14)=MONTH(I82),I82+14,0) -> 0 | L96: =IF(MONTH(L82+14)=MONTH(L82),L82+14,0) -> 0 | O96: Mar
B97: Mié | C97: =IF(MONTH(C83+14)=MONTH(C83),C83+14,0) -> 0 | F97: =IF(MONTH(F83+14)=MONTH(F83),F83+14,0) -> 0 | I97: =IF(MONTH(I83+14)=MONTH(I83),I83+14,0) -> 0 | L97: =IF(MONTH(L83+14)=MONTH(L83),L83+14,0) -> 0 | O97: Mié
B98: Jue | C98: =IF(MONTH(C84+14)=MONTH(C84),C84+14,0) -> 0 | F98: =IF(MONTH(F84+14)=MONTH(F84),F84+14,0) -> 0 | I98: =IF(MONTH(I84+14)=MONTH(I84),I84+14,0) -> 0 | L98: =IF(MONTH(L84+14)=MONTH(L84),L84+14,0) -> 0 | O98: Jue
B99: Vie | C99: =IF(MONTH(C85+14)=MONTH(C85),C85+14,0) -> 0 | F99: =IF(MONTH(F85+14)=MONTH(F85),F85+14,0) -> 0 | I99: =IF(MONTH(I85+14)=MONTH(I85),I85+14,0) -> 0 | L99: =IF(MONTH(L85+14)=MONTH(L85),L85+14,0) -> 0 | O99: Vie
B100: Sáb | C100: =IF(MONTH(C86+14)=MONTH(C86),C86+14,0) -> 0 | F100: =IF(MONTH(F86+14)=MONTH(F86),F86+14,0) -> 0 | I100: =IF(MONTH(I86+14)=MONTH(I86),I86+14,0) -> 0 | L100: =IF(MONTH(L86+14)=MONTH(L86),L86+14,0) -> 0 | O100: Sáb
B101: Dom | C101: =IF(MONTH(C87+14)=MONTH(C87),C87+14,0) -> 0 | F101: =IF(MONTH(F87+14)=MONTH(F87),F87+14,0) -> 0 | I101: =IF(MONTH(I87+14)=MONTH(I87),I87+14,0) -> 0 | L101: =IF(MONTH(L87+14)=MONTH(L87),L87+14,0) -> 0 | O101: Dom
B103: ="Calendario. Segundo trimestre académico, primer trimestre del "&AñoInicioCurso+1 -> Calendario. Segundo trimestre académico, primer trimestre del 2026
B105: Fecha | C105: Mes | D105: Festivos | E105: Relevantes | F105: Mes | G105: Festivos | H105: Relevantes | I105: Mes | J105: Festivos | K105: Relevantes | O105: Fecha
B106: 2º Tri. | C106: 2ª trimestre. 2ª Ev. en 1º curso / Ev. Final en 2º curso. | O106: 2º Tri.
B107: =AñoInicioCurso+1 -> 2026 | C107: =DATE(B107,1,1) -> 46023 | D107: Festivos | E107: Relevantes | F107: =DATE(B107,2,1) -> 46054 | G107: Festivos | H107: Relevantes | I107: =DATE(B107,3,1) -> 46082 | J107: Festivos | K107: Relevantes | O107: =AñoInicioCurso+1 -> 2026
...

Sheet Sgmt
A1: Seguimiento. Unidades didácticas. Contingencias | Y1: =FechaHoy -> 46099
B2: =IModulo&" ("&IProfesor&")" -> FPM-it-1-0237 Infra. comunes de teleco en viviendas y edificios (Rafa Sanz)
B3: Unidades didácticas
AC4: Fechas 'De hoy' o 'Simulada'
D5: 1er Tri. | H5: =D29+F29+H29+J29 -> 66 | I5: =E29+G29+I29+K29 -> 66 | J5: =(E29+G29+I29+K29)/(D29+F29+H29+J29) -> 1 | L5: 2º Tri. | N5: =L29+N29+P29 -> 427 | O5: =M29+O29+Q29 -> 301 | P5: =(M29+O29+Q29)/(L29+N29+P29) -> 0.70491803 | R5: 3er Tri. | T5: =R29+T29+V29 -> 648 | U5: =S29+U29+W29 -> 0 | V5: =IF(NTri>=$R$30,(S29+U29+W29)/(R29+T29+V29),"") -> 0 | AC5: =Info!W3 -> De hoy | AD5: =TODAY() -> 46099
D6: Sep | F6: Oct | H6: Nov | J6: Dic | L6: Ene | N6: Feb | P6: Mar | R6: Abr | T6: May | V6: Jun | Y6: Trimestres | AC6: =Info!W4 -> Simulada | AD6: 45536
B7: Cód.UD | C7: Hora clase | D7: Prv. | E7: Imp. | F7: Prv. | G7: Imp. | H7: Prv. | I7: Imp. | J7: Prv. | K7: Imp. | L7: Prv. | M7: Imp. | N7: Prv. | O7: Imp. | P7: Prv. | Q7: Imp. | R7: Prv. | S7: Imp. | T7: Prv. | U7: Imp. | V7: Prv. | W7: Imp. | X7: Horas Imp. | Y7: 1er. | Z7: 2º. | AA7: 3er. | AC7: Selector | AD7: De hoy
B8: =IF(UDs!C34<>0,UDs!B34,IF(C8<>0,CoUDCM,0)) -> UD00 | C8: 1 | D8: =SUMIF(Flts!E$14:E$43,UDs!$B34,Flts!$AS$14:$AS$43) -> 1 | E8: =SUMIF(Flts!F$14:F$43,UDs!$B34,Flts!$AS$14:$AS$43) -> 1 | F8: =SUMIF(Flts!E$48:E$78,UDs!$B34,Flts!$AS$48:$AS$78) -> 0 | G8: =SUMIF(Flts!F$48:F$78,UDs!$B34,Flts!$AS$48:$AS$78) -> 0 | H8: =SUMIF(Flts!E$82:E$111,UDs!$B34,Flts!$AS$82:$AS$111) -> 0 | I8: =SUMIF(Flts!F$82:F$111,UDs!$B34,Flts!$AS$82:$AS$111) -> 0 | J8: =SUMIF(Flts!E$116:E$146,UDs!$B34,Flts!$AS$116:$AS$146) -> 0 | K8: =SUMIF(Flts!F$116:F$146,UDs!$B34,Flts!$AS$116:$AS$146) -> 0 | L8: =SUMIF(Flts!E$150:E$180,UDs!$B34,Flts!$AS$150:$AS$180) -> 0 | M8: =SUMIF(Flts!F$150:F$180,UDs!$B34,Flts!$AS$150:$AS$180) -> 0 | N8: =SUMIF(Flts!E$184:E$212,UDs!$B34,Flts!$AS$184:$AS$212) -> 0 | O8: =SUMIF(Flts!F$184:F$212,UDs!$B34,Flts!$AS$184:$AS$212) -> 0 | P8: =SUMIF(Flts!E$218:E$248,UDs!$B34,Flts!$AS$218:$AS$248) -> 0 | Q8: =SUMIF(Flts!F$218:F$248,UDs!$B34,Flts!$AS$218:$AS$248) -> 0 | R8: =IF(NTri>=$R$30,SUMIF(Flts!E$252:E$281,UDs!$B34,Flts!$AS$252:$AS$281),0) -> 0 | S8: =IF(NTri>=$R$30,SUMIF(Flts!F$252:F$281,UDs!$B34,Flts!$AS$252:$AS$281),0) -> 0 | T8: =IF(NTri>=$R$30,SUMIF(Flts!E$286:E$316,UDs!$B34,Flts!$AS$286:$AS$316),0) -> 0 | U8: =IF(NTri>=$R$30,SUMIF(Flts!F$286:F$316,UDs!$B34,Flts!$AS$286:$AS$316),0) -> 0 | V8: =IF(NTri>=$R$30,SUMIF(Flts!E$320:E$349,UDs!$B34,Flts!$AS$320:$AS$349),0) -> 0 | W8: =IF(NTri>=$R$30,SUMIF(Flts!F$320:F$349,UDs!$B34,Flts!$AS$320:$AS$349),0) -> 0 | X8: =SUM(E8,G8,I8,K8,M8,O8,Q8,S8,U8,W8) -> 1 | Y8: =IF(AND(FechaInicio1Tri<=UDs!$F34, FechaFin1Tri>=UDs!$F34),(E8+G8+I8+K8)/(D8+F8+H8+J8),0%) -> 1 | Z8: =IF(AND(FechaInicio2Tri<=UDs!$F34, FechaFin2Tri>=UDs!$F34),(M8+O8+Q8)/(L8+N8+P8),0%) -> 0 | AA8: =IF(AND(FechaInicio3Tri<=UDs!$F34, FechaFin3Tri>=UDs!$F34),(S8+U8+W8)/(R8+T8+V8),0%) -> 0 | AC8: ="= "&IF(AD7=Info!W4,Info!W4,Info!W3) -> = De hoy | AD8: =IF(AD7=Info!W4,AD6,TODAY()) -> 46099
B9: =IF(UDs!C35<>0,UDs!B35,IF(C9<>0,CoUDCM,0)) -> UD01 | C9: =IFERROR(IF(C8+UDs!C34>C8,C8+UDs!C34,0),0) -> 2 | D9: =SUMIF(Flts!E$14:E$43,UDs!$B35,Flts!$AS$14:$AS$43) -> 11 | E9: =SUMIF(Flts!F$14:F$43,UDs!$B35,Flts!$AS$14:$AS$43) -> 11 | F9: =SUMIF(Flts!E$48:E$78,UDs!$B35,Flts!$AS$48:$AS$78) -> 21 | G9: =SUMIF(Flts!F$48:F$78,UDs!$B35,Flts!$AS$48:$AS$78) -> 21 | H9: =SUMIF(Flts!E$82:E$111,UDs!$B35,Flts!$AS$82:$AS$111) -> 2 | I9: =SUMIF(Flts!F$82:F$111,UDs!$B35,Flts!$AS$82:$AS$111) -> 2 | J9: =SUMIF(Flts!E$116:E$146,UDs!$B35,Flts!$AS$116:$AS$146) -> 0 | K9: =SUMIF(Flts!F$116:F$146,UDs!$B35,Flts!$AS$116:$AS$146) -> 0 | L9: =SUMIF(Flts!E$150:E$180,UDs!$B35,Flts!$AS$150:$AS$180) -> 0 | M9: =SUMIF(Flts!F$150:F$180,UDs!$B35,Flts!$AS$150:$AS$180) -> 0 | N9: =SUMIF(Flts!E$184:E$212,UDs!$B35,Flts!$AS$184:$AS$212) -> 0 | O9: =SUMIF(Flts!F$184:F$212,UDs!$B35,Flts!$AS$184:$AS$212) -> 0 | P9: =SUMIF(Flts!E$218:E$248,UDs!$B35,Flts!$AS$218:$AS$248) -> 0 | Q9: =SUMIF(Flts!F$218:F$248,UDs!$B35,Flts!$AS$218:$AS$248) -> 0 | R9: =IF(NTri>=$R$30,SUMIF(Flts!E$252:E$281,UDs!$B35,Flts!$AS$252:$AS$281),0) -> 0 | S9: =IF(NTri>=$R$30,SUMIF(Flts!F$252:F$281,UDs!$B35,Flts!$AS$252:$AS$281),0) -> 0 | T9: =IF(NTri>=$R$30,SUMIF(Flts!E$286:E$316,UDs!$B35,Flts!$AS$286:$AS$316),0) -> 0 | U9: =IF(NTri>=$R$30,SUMIF(Flts!F$286:F$316,UDs!$B35,Flts!$AS$286:$AS$316),0) -> 0 | V9: =IF(NTri>=$R$30,SUMIF(Flts!E$320:E$349,UDs!$B35,Flts!$AS$320:$AS$349),0) -> 0 | W9: =IF(NTri>=$R$30,SUMIF(Flts!F$320:F$349,UDs!$B35,Flts!$AS$320:$AS$349),0) -> 0 | X9: =SUM(E9,G9,I9,K9,M9,O9,Q9,S9,U9,W9) -> 34 | Y9: =IF(AND(FechaInicio1Tri<=UDs!$F35, FechaFin1Tri>=UDs!$F35),(E9+G9+I9+K9)/(D9+F9+H9+J9),0%) -> 1 | Z9: =IF(AND(FechaInicio2Tri<=UDs!$F35, FechaFin2Tri>=UDs!$F35),(M9+O9+Q9)/(L9+N9+P9),0%) -> 0 | AA9: =IF(AND(FechaInicio3Tri<=UDs!$F35, FechaFin3Tri>=UDs!$F35),(S9+U9+W9)/(R9+T9+V9),0%) -> 0
B10: =IF(UDs!C36<>0,UDs!B36,IF(C10<>0,CoUDCM,0)) -> UD02 | C10: =IFERROR(IF(C9+UDs!C35>C9,C9+UDs!C35,0),0) -> 36 | D10: =SUMIF(Flts!E$14:E$43,UDs!$B36,Flts!$AS$14:$AS$43) -> 0 | E10: =SUMIF(Flts!F$14:F$43,UDs!$B36,Flts!$AS$14:$AS$43) -> 0 | F10: =SUMIF(Flts!E$48:E$78,UDs!$B36,Flts!$AS$48:$AS$78) -> 0 | G10: =SUMIF(Flts!F$48:F$78,UDs!$B36,Flts!$AS$48:$AS$78) -> 0 | H10: =SUMIF(Flts!E$82:E$111,UDs!$B36,Flts!$AS$82:$AS$111) -> 17 | I10: =SUMIF(Flts!F$82:F$111,UDs!$B36,Flts!$AS$82:$AS$111) -> 17 | J10: =SUMIF(Flts!E$116:E$146,UDs!$B36,Flts!$AS$116:$AS$146) -> 14 | K10: =SUMIF(Flts!F$116:F$146,UDs!$B36,Flts!$AS$116:$AS$146) -> 14 | L10: =SUMIF(Flts!E$150:E$180,UDs!$B36,Flts!$AS$150:$AS$180) -> 13 | M10: =SUMIF(Flts!F$150:F$180,UDs!$B36,Flts!$AS$150:$AS$180) -> 13 | N10: =SUMIF(Flts!E$184:E$212,UDs!$B36,Flts!$AS$184:$AS$212) -> 0 | O10: =SUMIF(Flts!F$184:F$212,UDs!$B36,Flts!$AS$184:$AS$212) -> 0 | P10: =SUMIF(Flts!E$218:E$248,UDs!$B36,Flts!$AS$218:$AS$248) -> 0 | Q10: =SUMIF(Flts!F$218:F$248,UDs!$B36,Flts!$AS$218:$AS$248) -> 0 | R10: =IF(NTri>=$R$30,SUMIF(Flts!E$252:E$281,UDs!$B36,Flts!$AS$252:$AS$281),0) -> 0 | S10: =IF(NTri>=$R$30,SUMIF(Flts!F$252:F$281,UDs!$B36,Flts!$AS$252:$AS$281),0) -> 0 | T10: =IF(NTri>=$R$30,SUMIF(Flts!E$286:E$316,UDs!$B36,Flts!$AS$286:$AS$316),0) -> 0 | U10: =IF(NTri>=$R$30,SUMIF(Flts!F$286:F$316,UDs!$B36,Flts!$AS$286:$AS$316),0) -> 0 | V10: =IF(NTri>=$R$30,SUMIF(Flts!E$320:E$349,UDs!$B36,Flts!$AS$320:$AS$349),0) -> 0 | W10: =IF(NTri>=$R$30,SUMIF(Flts!F$320:F$349,UDs!$B36,Flts!$AS$320:$AS$349),0) -> 0 | X10: =SUM(E10,G10,I10,K10,M10,O10,Q10,S10,U10,W10) -> 44 | Y10: =IF(AND(FechaInicio1Tri<=UDs!$F36, FechaFin1Tri>=UDs!$F36),(E10+G10+I10+K10)/(D10+F10+H10+J10),0%) -> 1 | Z10: =IF(AND(FechaInicio2Tri<=UDs!$F36, FechaFin2Tri>=UDs!$F36),(M10+O10+Q10)/(L10+N10+P10),0%) -> 0 | AA10: =IF(AND(FechaInicio3Tri<=UDs!$F36, FechaFin3Tri>=UDs!$F36),(S10+U10+W10)/(R10+T10+V10),0%) -> 0
B11: =IF(UDs!C37<>0,UDs!B37,IF(C11<>0,CoUDCM,0)) | C11: =IFERROR(IF(C10+UDs!C36>C10,C10+UDs!C36,0),0) -> 80 | D11: =SUMIF(Flts!E$14:E$43,UDs!$B37,Flts!$AS$14:$AS$43) -> 0 | E11: =SUMIF(Flts!F$14:F$43,UDs!$B37,Flts!$AS$14:$AS$43) -> 0 | F11: =SUMIF(Flts!E$48:E$78,UDs!$B37,Flts!$AS$48:$AS$78) -> 0 | G11: =SUMIF(Flts!F$48:F$78,UDs!$B37,Flts!$AS$48:$AS$78) -> 0 | H11: =SUMIF(Flts!E$82:E$111,UDs!$B37,Flts!$AS$82:$AS$111) -> 0 | I11: =SUMIF(Flts!F$82:F$111,UDs!$B37,Flts!$AS$82:$AS$111) -> 0 | J11: =SUMIF(Flts!E$116:E$146,UDs!$B37,Flts!$AS$116:$AS$146) -> 0 | K11: =SUMIF(Flts!F$116:F$146,UDs!$B37,Flts!$AS$116:$AS$146) -> 0 | L11: =SUMIF(Flts!E$150:E$180,UDs!$B37,Flts!$AS$150:$AS$180) -> 4 | M11: =SUMIF(Flts!F$150:F$180,UDs!$B37,Flts!$AS$150:$AS$180) -> 4 | N11: =SUMIF(Flts!E$184:E$212,UDs!$B37,Flts!$AS$184:$AS$212) -> 0 | O11: =SUMIF(Flts!F$184:F$212,UDs!$B37,Flts!$AS$184:$AS$212) -> 0 | P11: =SUMIF(Flts!E$218:E$248,UDs!$B37,Flts!$AS$218:$AS$248) -> 19 | Q11: =SUMIF(Flts!F$218:F$248,UDs!$B37,Flts!$AS$218:$AS$248) -> 12 | R11: =IF(NTri>=$R$30,SUMIF(Flts!E$252:E$281,UDs!$B37,Flts!$AS$252:$AS$281),0) -> 16 | S11: =IF(NTri>=$R$30,SUMIF(Flts!F$252:F$281,UDs!$B37,Flts!$AS$252:$AS$281),0) -> 0 | T11: =IF(NTri>=$R$30,SUMIF(Flts!E$286:E$316,UDs!$B37,Flts!$AS$286:$AS$316),0) -> 20 | U11: =IF(NTri>=$R$30,SUMIF(Flts!F$286:F$316,UDs!$B37,Flts!$AS$286:$AS$316),0) -> 0 | V11: =IF(NTri>=$R$30,SUMIF(Flts!E$320:E$349,UDs!$B37,Flts!$AS$320:$AS$349),0) -> 0 | W11: =IF(NTri>=$R$30,SUMIF(Flts!F$320:F$349,UDs!$B37,Flts!$AS$320:$AS$349),0) -> 0 | X11: =SUM(E11,G11,I11,K11,M11,O11,Q11,S11,U11,W11) -> 16 | Y11: =IF(AND(FechaInicio1Tri<=UDs!$F37, FechaFin1Tri>=UDs!$F37),(E11+G11+I11+K11)/(D11+F11+H11+J11),0%) -> 0 | Z11: =IF(AND(FechaInicio2Tri<=UDs!$F37, FechaFin2Tri>=UDs!$F37),(M11+O11+Q11)/(L11+N11+P11),0%) -> 0.69565217 | AA11: =IF(AND(FechaInicio3Tri<=UDs!$F37, FechaFin3Tri>=UDs!$F37),(S11+U11+W11)/(R11+T11+V11),0%) -> 0
B12: =IF(UDs!C38<>0,UDs!B38,IF(C12<>0,CoUDCM,0)) | C12: =IFERROR(IF(C11+UDs!C37>C11,C11+UDs!C37,0),0) -> 112 | D12: =SUMIF(Flts!E$14:E$43,UDs!$B38,Flts!$AS$14:$AS$43) -> 0 | E12: =SUMIF(Flts!F$14:F$43,UDs!$B38,Flts!$AS$14:$AS$43) -> 0 | F12: =SUMIF(Flts!E$48:E$78,UDs!$B38,Flts!$AS$48:$AS$78) -> 0 | G12: =SUMIF(Flts!F$48:F$78,UDs!$B38,Flts!$AS$48:$AS$78) -> 0 | H12: =SUMIF(Flts!E$82:E$111,UDs!$B38,Flts!$AS$82:$AS$111) -> 0 | I12: =SUMIF(Flts!F$82:F$111,UDs!$B38,Flts!$AS$82:$AS$111) -> 0 | J12: =SUMIF(Flts!E$116:E$146,UDs!$B38,Flts!$AS$116:$AS$146) -> 0 | K12: =SUMIF(Flts!F$116:F$146,UDs!$B38,Flts!$AS$116:$AS$146) -> 0 | L12: =SUMIF(Flts!E$150:E$180,UDs!$B38,Flts!$AS$150:$AS$180) -> 4 | M12: =SUMIF(Flts!F$150:F$180,UDs!$B38,Flts!$AS$150:$AS$180) -> 4 | N12: =SUMIF(Flts!E$184:E$212,UDs!$B38,Flts!$AS$184:$AS$212) -> 0 | O12: =SUMIF(Flts!F$184:F$212,UDs!$B38,Flts!$AS$184:$AS$212) -> 0 | P12: =SUMIF(Flts!E$218:E$248,UDs!$B38,Flts!$AS$218:$AS$248) -> 19 | Q12: =SUMIF(Flts!F$218:F$248,UDs!$B38,Flts!$AS$218:$AS$248) -> 12 | R12: =IF(NTri>=$R$30,SUMIF(Flts!E$252:E$281,UDs!$B38,Flts!$AS$252:$AS$281),0) -> 16 | S12: =IF(NTri>=$R$30,SUMIF(Flts!F$252:F$281,UDs!$B38,Flts!$AS$252:$AS$281),0) -> 0 | T12: =IF(NTri>=$R$30,SUMIF(Flts!E$286:E$316,UDs!$B38,Flts!$AS$286:$AS$316),0) -> 20 | U12: =IF(NTri>=$R$30,SUMIF(Flts!F$286:F$316,UDs!$B38,Flts!$AS$286:$AS$316),0) -> 0 | V12: =IF(NTri>=$R$30,SUMIF(Flts!E$320:E$349,UDs!$B38,Flts!$AS$320:$AS$349),0) -> 0 | W12: =IF(NTri>=$R$30,SUMIF(Flts!F$320:F$349,UDs!$B38,Flts!$AS$320:$AS$349),0) -> 0 | X12: =SUM(E12,G12,I12,K12,M12,O12,Q12,S12,U12,W12) -> 16 | Y12: =IF(AND(FechaInicio1Tri<=UDs!$F38, FechaFin1Tri>=UDs!$F38),(E12+G12+I12+K12)/(D12+F12+H12+J12),0%) -> 0 | Z12: =IF(AND(FechaInicio2Tri<=UDs!$F38, FechaFin2Tri>=UDs!$F38),(M12+O12+Q12)/(L12+N12+P12),0%) -> 0.69565217 | AA12: =IF(AND(FechaInicio3Tri<=UDs!$F38, FechaFin3Tri>=UDs!$F38),(S12+U12+W12)/(R12+T12+V12),0%) -> 0
B13: =IF(UDs!C39<>0,UDs!B39,IF(C13<>0,CoUDCM,0)) | C13: =IFERROR(IF(C12+UDs!C38>C12,C12+UDs!C38,0),0) -> 166 | D13: =SUMIF(Flts!E$14:E$43,UDs!$B39,Flts!$AS$14:$AS$43) -> 0 | E13: =SUMIF(Flts!F$14:F$43,UDs!$B39,Flts!$AS$14:$AS$43) -> 0 | F13: =SUMIF(Flts!E$48:E$78,UDs!$B39,Flts!$AS$48:$AS$78) -> 0 | G13: =SUMIF(Flts!F$48:F$78,UDs!$B39,Flts!$AS$48:$AS$78) -> 0 | H13: =SUMIF(Flts!E$82:E$111,UDs!$B39,Flts!$AS$82:$AS$111) -> 0 | I13: =SUMIF(Flts!F$82:F$111,UDs!$B39,Flts!$AS$82:$AS$111) -> 0 | J13: =SUMIF(Flts!E$116:E$146,UDs!$B39,Flts!$AS$116:$AS$146) -> 0 | K13: =SUMIF(Flts!F$116:F$146,UDs!$B39,Flts!$AS$116:$AS$146) -> 0 | L13: =SUMIF(Flts!E$150:E$180,UDs!$B39,Flts!$AS$150:$AS$180) -> 4 | M13: =SUMIF(Flts!F$150:F$180,UDs!$B39,Flts!$AS$150:$AS$180) -> 4 | N13: =SUMIF(Flts!E$184:E$212,UDs!$B39,Flts!$AS$184:$AS$212) -> 0 | O13: =SUMIF(Flts!F$184:F$212,UDs!$B39,Flts!$AS$184:$AS$212) -> 0 | P13: =SUMIF(Flts!E$218:E$248,UDs!$B39,Flts!$AS$218:$AS$248) -> 19 | Q13: =SUMIF(Flts!F$218:F$248,UDs!$B39,Flts!$AS$218:$AS$248) -> 12 | R13: =IF(NTri>=$R$30,SUMIF(Flts!E$252:E$281,UDs!$B39,Flts!$AS$252:$AS$281),0) -> 16 | S13: =IF(NTri>=$R$30,SUMIF(Flts!F$252:F$281,UDs!$B39,Flts!$AS$252:$AS$281),0) -> 0 | T13: =IF(NTri>=$R$30,SUMIF(Flts!E$286:E$316,UDs!$B39,Flts!$AS$286:$AS$316),0) -> 20 | U13: =IF(NTri>=$R$30,SUMIF(Flts!F$286:F$316,UDs!$B39,Flts!$AS$286:$AS$316),0) -> 0 | V13: =IF(NTri>=$R$30,SUMIF(Flts!E$320:E$349,UDs!$B39,Flts!$AS$320:$AS$349),0) -> 0 | W13: =IF(NTri>=$R$30,SUMIF(Flts!F$320:F$349,UDs!$B39,Flts!$AS$320:$AS$349),0) -> 0 | X13: =SUM(E13,G13,I13,K13,M13,O13,Q13,S13,U13,W13) -> 16 | Y13: =IF(AND(FechaInicio1Tri<=UDs!$F39, FechaFin1Tri>=UDs!$F39),(E13+G13+I13+K13)/(D13+F13+H13+J13),0%) -> 0 | Z13: =IF(AND(FechaInicio2Tri<=UDs!$F39, FechaFin2Tri>=UDs!$F39),(M13+O13+Q13)/(L13+N13+P13),0%) -> 0.69565217 | AA13: =IF(AND(FechaInicio3Tri<=UDs!$F39, FechaFin3Tri>=UDs!$F39),(S13+U13+W13)/(R13+T13+V13),0%) -> 0
B14: =IF(UDs!C40<>0,UDs!B40,IF(C14<>0,CoUDCM,0)) | C14: =IFERROR(IF(C13+UDs!C39>C13,C13+UDs!C39,0),0) -> 190 | D14: =SUMIF(Flts!E$14:E$43,UDs!$B40,Flts!$AS$14:$AS$43) -> 0 | E14: =SUMIF(Flts!F$14:F$43,UDs!$B40,Flts!$AS$14:$AS$43) -> 0 | F14: =SUMIF(Flts!E$48:E$78,UDs!$B40,Flts!$AS$48:$AS$78) -> 0 | G14: =SUMIF(Flts!F$48:F$78,UDs!$B40,Flts!$AS$48:$AS$78) -> 0 | H14: =SUMIF(Flts!E$82:E$111,UDs!$B40,Flts!$AS$82:$AS$111) -> 0 | I14: =SUMIF(Flts!F$82:F$111,UDs!$B40,Flts!$AS$82:$AS$111) -> 0 | J14: =SUMIF(Flts!E$116:E$146,UDs!$B40,Flts!$AS$116:$AS$146) -> 0 | K14: =SUMIF(Flts!F$116:F$146,UDs!$B40,Flts!$AS$116:$AS$146) -> 0 | L14: =SUMIF(Flts!E$150:E$180,UDs!$B40,Flts!$AS$150:$AS$180) -> 4 | M14: =SUMIF(Flts!F$150:F$180,UDs!$B40,Flts!$AS$150:$AS$180) -> 4 | N14: =SUMIF(Flts!E$184:E$212,UDs!$B40,Flts!$AS$184:$AS$212) -> 0 | O14: =SUMIF(Flts!F$184:F$212,UDs!$B40,Flts!$AS$184:$AS$212) -> 0 | P14: =SUMIF(Flts!E$218:E$248,UDs!$B40,Flts!$AS$218:$AS$248) -> 19 | Q14: =SUMIF(Flts!F$218:F$248,UDs!$B40,Flts!$AS$218:$AS$248) -> 12 | R14: =IF(NTri>=$R$30,SUMIF(Flts!E$252:E$281,UDs!$B40,Flts!$AS$252:$AS$281),0) -> 16 | S14: =IF(NTri>=$R$30,SUMIF(Flts!F$252:F$281,UDs!$B40,Flts!$AS$252:$AS$281),0) -> 0 | T14: =IF(NTri>=$R$30,SUMIF(Flts!E$286:E$316,UDs!$B40,Flts!$AS$286:$AS$316),0) -> 20 | U14: =IF(NTri>=$R$30,SUMIF(Flts!F$286:F$316,UDs!$B40,Flts!$AS$286:$AS$316),0) -> 0 | V14: =IF(NTri>=$R$30,SUMIF(Flts!E$320:E$349,UDs!$B40,Flts!$AS$320:$AS$349),0) -> 0 | W14: =IF(NTri>=$R$30,SUMIF(Flts!F$320:F$349,UDs!$B40,Flts!$AS$320:$AS$349),0) -> 0 | X14: =SUM(E14,G14,I14,K14,M14,O14,Q14,S14,U14,W14) -> 16 | Y14: =IF(AND(FechaInicio1Tri<=UDs!$F40, FechaFin1Tri>=UDs!$F40),(E14+G14+I14+K14)/(D14+F14+H14+J14),0%) -> 0 | Z14: =IF(AND(FechaInicio2Tri<=UDs!$F40, FechaFin2Tri>=UDs!$F40),(M14+O14+Q14)/(L14+N14+P14),0%) -> 0.69565217 | AA14: =IF(AND(FechaInicio3Tri<=UDs!$F40, FechaFin3Tri>=UDs!$F40),(S14+U14+W14)/(R14+T14+V14),0%) -> 0
B15: =IF(UDs!C41<>0,UDs!B41,IF(C15<>0,CoUDCM,0)) -> NoOk | C15: =IFERROR(IF(C14+UDs!C40>C14,C14+UDs!C40,0),0) -> 219 | D15: =SUMIF(Flts!E$14:E$43,UDs!$B41,Flts!$AS$14:$AS$43) -> 0 | E15: =SUMIF(Flts!F$14:F$43,UDs!$B41,Flts!$AS$14:$AS$43) -> 0 | F15: =SUMIF(Flts!E$48:E$78,UDs!$B41,Flts!$AS$48:$AS$78) -> 0 | G15: =SUMIF(Flts!F$48:F$78,UDs!$B41,Flts!$AS$48:$AS$78) -> 0 | H15: =SUMIF(Flts!E$82:E$111,UDs!$B41,Flts!$AS$82:$AS$111) -> 0 | I15: =SUMIF(Flts!F$82:F$111,UDs!$B41,Flts!$AS$82:$AS$111) -> 0 | J15: =SUMIF(Flts!E$116:E$146,UDs!$B41,Flts!$AS$116:$AS$146) -> 0 | K15: =SUMIF(Flts!F$116:F$146,UDs!$B41,Flts!$AS$116:$AS$146) -> 0 | L15: =SUMIF(Flts!E$150:E$180,UDs!$B41,Flts!$AS$150:$AS$180) -> 4 | M15: =SUMIF(Flts!F$150:F$180,UDs!$B41,Flts!$AS$150:$AS$180) -> 4 | N15: =SUMIF(Flts!E$184:E$212,UDs!$B41,Flts!$AS$184:$AS$212) -> 0 | O15: =SUMIF(Flts!F$184:F$212,UDs!$B41,Flts!$AS$184:$AS$212) -> 0 | P15: =SUMIF(Flts!E$218:E$248,UDs!$B41,Flts!$AS$218:$AS$248) -> 19 | Q15: =SUMIF(Flts!F$218:F$248,UDs!$B41,Flts!$AS$218:$AS$248) -> 12 | R15: =IF(NTri>=$R$30,SUMIF(Flts!E$252:E$281,UDs!$B41,Flts!$AS$252:$AS$281),0) -> 16 | S15: =IF(NTri>=$R$30,SUMIF(Flts!F$252:F$281,UDs!$B41,Flts!$AS$252:$AS$281),0) -> 0 | T15: =IF(NTri>=$R$30,SUMIF(Flts!E$286:E$316,UDs!$B41,Flts!$AS$286:$AS$316),0) -> 20 | U15: =IF(NTri>=$R$30,SUMIF(Flts!F$286:F$316,UDs!$B41,Flts!$AS$286:$AS$316),0) -> 0 | V15: =IF(NTri>=$R$30,SUMIF(Flts!E$320:E$349,UDs!$B41,Flts!$AS$320:$AS$349),0) -> 0 | W15: =IF(NTri>=$R$30,SUMIF(Flts!F$320:F$349,UDs!$B41,Flts!$AS$320:$AS$349),0) -> 0 | X15: =SUM(E15,G15,I15,K15,M15,O15,Q15,S15,U15,W15) -> 16 | Y15: =IF(AND(FechaInicio1Tri<=UDs!$F41, FechaFin1Tri>=UDs!$F41),(E15+G15+I15+K15)/(D15+F15+H15+J15),0%) -> 0 | Z15: =IF(AND(FechaInicio2Tri<=UDs!$F41, FechaFin2Tri>=UDs!$F41),(M15+O15+Q15)/(L15+N15+P15),0%) -> 0 | AA15: =IF(AND(FechaInicio3Tri<=UDs!$F41, FechaFin3Tri>=UDs!$F41),(S15+U15+W15)/(R15+T15+V15),0%) -> 0
B16: =IF(UDs!C42<>0,UDs!B42,IF(C16<>0,CoUDCM,0)) -> 0 | C16: =IFERROR(IF(C15+UDs!C41>C15,C15+UDs!C41,0),0) -> 0 | D16: =SUMIF(Flts!E$14:E$43,UDs!$B42,Flts!$AS$14:$AS$43) -> 0 | E16: =SUMIF(Flts!F$14:F$43,UDs!$B42,Flts!$AS$14:$AS$43) -> 0 | F16: =SUMIF(Flts!E$48:E$78,UDs!$B42,Flts!$AS$48:$AS$78) -> 0 | G16: =SUMIF(Flts!F$48:F$78,UDs!$B42,Flts!$AS$48:$AS$78) -> 0 | H16: =SUMIF(Flts!E$82:E$111,UDs!$B42,Flts!$AS$82:$AS$111) -> 0 | I16: =SUMIF(Flts!F$82:F$111,UDs!$B42,Flts!$AS$82:$AS$111) -> 0 | J16: =SUMIF(Flts!E$116:E$146,UDs!$B42,Flts!$AS$116:$AS$146) -> 0 | K16: =SUMIF(Flts!F$116:F$146,UDs!$B42,Flts!$AS$116:$AS$146) -> 0 | L16: =SUMIF(Flts!E$150:E$180,UDs!$B42,Flts!$AS$150:$AS$180) -> 4 | M16: =SUMIF(Flts!F$150:F$180,UDs!$B42,Flts!$AS$150:$AS$180) -> 4 | N16: =SUMIF(Flts!E$184:E$212,UDs!$B42,Flts!$AS$184:$AS$212) -> 0 | O16: =SUMIF(Flts!F$184:F$212,UDs!$B42,Flts!$AS$184:$AS$212) -> 0 | P16: =SUMIF(Flts!E$218:E$248,UDs!$B42,Flts!$AS$218:$AS$248) -> 19 | Q16: =SUMIF(Flts!F$218:F$248,UDs!$B42,Flts!$AS$218:$AS$248) -> 12 | R16: =IF(NTri>=$R$30,SUMIF(Flts!E$252:E$281,UDs!$B42,Flts!$AS$252:$AS$281),0) -> 16 | S16: =IF(NTri>=$R$30,SUMIF(Flts!F$252:F$281,UDs!$B42,Flts!$AS$252:$AS$281),0) -> 0 | T16: =IF(NTri>=$R$30,SUMIF(Flts!E$286:E$316,UDs!$B42,Flts!$AS$286:$AS$316),0) -> 20 | U16: =IF(NTri>=$R$30,SUMIF(Flts!F$286:F$316,UDs!$B42,Flts!$AS$286:$AS$316),0) -> 0 | V16: =IF(NTri>=$R$30,SUMIF(Flts!E$320:E$349,UDs!$B42,Flts!$AS$320:$AS$349),0) -> 0 | W16: =IF(NTri>=$R$30,SUMIF(Flts!F$320:F$349,UDs!$B42,Flts!$AS$320:$AS$349),0) -> 0 | X16: =SUM(E16,G16,I16,K16,M16,O16,Q16,S16,U16,W16) -> 16 | Y16: =IF(AND(FechaInicio1Tri<=UDs!$F42, FechaFin1Tri>=UDs!$F42),(E16+G16+I16+K16)/(D16+F16+H16+J16),0%) -> 0 | Z16: =IF(AND(FechaInicio2Tri<=UDs!$F42, FechaFin2Tri>=UDs!$F42),(M16+O16+Q16)/(L16+N16+P16),0%) -> 0 | AA16: =IF(AND(FechaInicio3Tri<=UDs!$F42, FechaFin3Tri>=UDs!$F42),(S16+U16+W16)/(R16+T16+V16),0%) -> 0
B17: =IF(UDs!C43<>0,UDs!B43,IF(C17<>0,CoUDCM,0)) -> 0 | C17: =IFERROR(IF(C16+UDs!C42>C16,C16+UDs!C42,0),0) -> 0 | D17: =SUMIF(Flts!E$14:E$43,UDs!$B43,Flts!$AS$14:$AS$43) -> 0 | E17: =SUMIF(Flts!F$14:F$43,UDs!$B43,Flts!$AS$14:$AS$43) -> 0 | F17: =SUMIF(Flts!E$48:E$78,UDs!$B43,Flts!$AS$48:$AS$78) -> 0 | G17: =SUMIF(Flts!F$48:F$78,UDs!$B43,Flts!$AS$48:$AS$78) -> 0 | H17: =SUMIF(Flts!E$82:E$111,UDs!$B43,Flts!$AS$82:$AS$111) -> 0 | I17: =SUMIF(Flts!F$82:F$111,UDs!$B43,Flts!$AS$82:$AS$111) -> 0 | J17: =SUMIF(Flts!E$116:E$146,UDs!$B43,Flts!$AS$116:$AS$146) -> 0 | K17: =SUMIF(Flts!F$116:F$146,UDs!$B43,Flts!$AS$116:$AS$146) -> 0 | L17: =SUMIF(Flts!E$150:E$180,UDs!$B43,Flts!$AS$150:$AS$180) -> 4 | M17: =SUMIF(Flts!F$150:F$180,UDs!$B43,Flts!$AS$150:$AS$180) -> 4 | N17: =SUMIF(Flts!E$184:E$212,UDs!$B43,Flts!$AS$184:$AS$212) -> 0 | O17: =SUMIF(Flts!F$184:F$212,UDs!$B43,Flts!$AS$184:$AS$212) -> 0 | P17: =SUMIF(Flts!E$218:E$248,UDs!$B43,Flts!$AS$218:$AS$248) -> 19 | Q17: =SUMIF(Flts!F$218:F$248,UDs!$B43,Flts!$AS$218:$AS$248) -> 12 | R17: =IF(NTri>=$R$30,SUMIF(Flts!E$252:E$281,UDs!$B43,Flts!$AS$252:$AS$281),0) -> 16 | S17: =IF(NTri>=$R$30,SUMIF(Flts!F$252:F$281,UDs!$B43,Flts!$AS$252:$AS$281),0) -> 0 | T17: =IF(NTri>=$R$30,SUMIF(Flts!E$286:E$316,UDs!$B43,Flts!$AS$286:$AS$316),0) -> 20 | U17: =IF(NTri>=$R$30,SUMIF(Flts!F$286:F$316,UDs!$B43,Flts!$AS$286:$AS$316),0) -> 0 | V17: =IF(NTri>=$R$30,SUMIF(Flts!E$320:E$349,UDs!$B43,Flts!$AS$320:$AS$349),0) -> 0 | W17: =IF(NTri>=$R$30,SUMIF(Flts!F$320:F$349,UDs!$B43,Flts!$AS$320:$AS$349),0) -> 0 | X17: =SUM(E17,G17,I17,K17,M17,O17,Q17,S17,U17,W17) -> 16 | Y17: =IF(AND(FechaInicio1Tri<=UDs!$F43, FechaFin1Tri>=UDs!$F43),(E17+G17+I17+K17)/(D17+F17+H17+J17),0%) -> 0 | Z17: =IF(AND(FechaInicio2Tri<=UDs!$F43, FechaFin2Tri>=UDs!$F43),(M17+O17+Q17)/(L17+N17+P17),0%) -> 0 | AA17: =IF(AND(FechaInicio3Tri<=UDs!$F43, FechaFin3Tri>=UDs!$F43),(S17+U17+W17)/(R17+T17+V17),0%) -> 0
B18: =IF(UDs!C44<>0,UDs!B44,IF(C18<>0,CoUDCM,0)) -> 0 | C18: =IFERROR(IF(C17+UDs!C43>C17,C17+UDs!C43,0),0) -> 0 | D18: =SUMIF(Flts!E$14:E$43,UDs!$B44,Flts!$AS$14:$AS$43) -> 0 | E18: =SUMIF(Flts!F$14:F$43,UDs!$B44,Flts!$AS$14:$AS$43) -> 0 | F18: =SUMIF(Flts!E$48:E$78,UDs!$B44,Flts!$AS$48:$AS$78) -> 0 | G18: =SUMIF(Flts!F$48:F$78,UDs!$B44,Flts!$AS$48:$AS$78) -> 0 | H18: =SUMIF(Flts!E$82:E$111,UDs!$B44,Flts!$AS$82:$AS$111) -> 0 | I18: =SUMIF(Flts!F$82:F$111,UDs!$B44,Flts!$AS$82:$AS$111) -> 0 | J18: =SUMIF(Flts!E$116:E$146,UDs!$B44,Flts!$AS$116:$AS$146) -> 0 | K18: =SUMIF(Flts!F$116:F$146,UDs!$B44,Flts!$AS$116:$AS$146) -> 0 | L18: =SUMIF(Flts!E$150:E$180,UDs!$B44,Flts!$AS$150:$AS$180) -> 4 | M18: =SUMIF(Flts!F$150:F$180,UDs!$B44,Flts!$AS$150:$AS$180) -> 4 | N18: =SUMIF(Flts!E$184:E$212,UDs!$B44,Flts!$AS$184:$AS$212) -> 0 | O18: =SUMIF(Flts!F$184:F$212,UDs!$B44,Flts!$AS$184:$AS$212) -> 0 | P18: =SUMIF(Flts!E$218:E$248,UDs!$B44,Flts!$AS$218:$AS$248) -> 19 | Q18: =SUMIF(Flts!F$218:F$248,UDs!$B44,Flts!$AS$218:$AS$248) -> 12 | R18: =IF(NTri>=$R$30,SUMIF(Flts!E$252:E$281,UDs!$B44,Flts!$AS$252:$AS$281),0) -> 16 | S18: =IF(NTri>=$R$30,SUMIF(Flts!F$252:F$281,UDs!$B44,Flts!$AS$252:$AS$281),0) -> 0 | T18: =IF(NTri>=$R$30,SUMIF(Flts!E$286:E$316,UDs!$B44,Flts!$AS$286:$AS$316),0) -> 20 | U18: =IF(NTri>=$R$30,SUMIF(Flts!F$286:F$316,UDs!$B44,Flts!$AS$286:$AS$316),0) -> 0 | V18: =IF(NTri>=$R$30,SUMIF(Flts!E$320:E$349,UDs!$B44,Flts!$AS$320:$AS$349),0) -> 0 | W18: =IF(NTri>=$R$30,SUMIF(Flts!F$320:F$349,UDs!$B44,Flts!$AS$320:$AS$349),0) -> 0 | X18: =SUM(E18,G18,I18,K18,M18,O18,Q18,S18,U18,W18) -> 16 | Y18: =IF(AND(FechaInicio1Tri<=UDs!$F44, FechaFin1Tri>=UDs!$F44),(E18+G18+I18+K18)/(D18+F18+H18+J18),0%) -> 0 | Z18: =IF(AND(FechaInicio2Tri<=UDs!$F44, FechaFin2Tri>=UDs!$F44),(M18+O18+Q18)/(L18+N18+P18),0%) -> 0 | AA18: =IF(AND(FechaInicio3Tri<=UDs!$F44, FechaFin3Tri>=UDs!$F44),(S18+U18+W18)/(R18+T18+V18),0%) -> 0
B19: =IF(UDs!C45<>0,UDs!B45,IF(C19<>0,CoUDCM,0)) -> 0 | C19: =IFERROR(IF(C18+UDs!C44>C18,C18+UDs!C44,0),0) -> 0 | D19: =SUMIF(Flts!E$14:E$43,UDs!$B45,Flts!$AS$14:$AS$43) -> 0 | E19: =SUMIF(Flts!F$14:F$43,UDs!$B45,Flts!$AS$14:$AS$43) -> 0 | F19: =SUMIF(Flts!E$48:E$78,UDs!$B45,Flts!$AS$48:$AS$78) -> 0 | G19: =SUMIF(Flts!F$48:F$78,UDs!$B45,Flts!$AS$48:$AS$78) -> 0 | H19: =SUMIF(Flts!E$82:E$111,UDs!$B45,Flts!$AS$82:$AS$111) -> 0 | I19: =SUMIF(Flts!F$82:F$111,UDs!$B45,Flts!$AS$82:$AS$111) -> 0 | J19: =SUMIF(Flts!E$116:E$146,UDs!$B45,Flts!$AS$116:$AS$146) -> 0 | K19: =SUMIF(Flts!F$116:F$146,UDs!$B45,Flts!$AS$116:$AS$146) -> 0 | L19: =SUMIF(Flts!E$150:E$180,UDs!$B45,Flts!$AS$150:$AS$180) -> 4 | M19: =SUMIF(Flts!F$150:F$180,UDs!$B45,Flts!$AS$150:$AS$180) -> 4 | N19: =SUMIF(Flts!E$184:E$212,UDs!$B45,Flts!$AS$184:$AS$212) -> 0 | O19: =SUMIF(Flts!F$184:F$212,UDs!$B45,Flts!$AS$184:$AS$212) -> 0 | P19: =SUMIF(Flts!E$218:E$248,UDs!$B45,Flts!$AS$218:$AS$248) -> 19 | Q19: =SUMIF(Flts!F$218:F$248,UDs!$B45,Flts!$AS$218:$AS$248) -> 12 | R19: =IF(NTri>=$R$30,SUMIF(Flts!E$252:E$281,UDs!$B45,Flts!$AS$252:$AS$281),0) -> 16 | S19: =IF(NTri>=$R$30,SUMIF(Flts!F$252:F$281,UDs!$B45,Flts!$AS$252:$AS$281),0) -> 0 | T19: =IF(NTri>=$R$30,SUMIF(Flts!E$286:E$316,UDs!$B45,Flts!$AS$286:$AS$316),0) -> 20 | U19: =IF(NTri>=$R$30,SUMIF(Flts!F$286:F$316,UDs!$B45,Flts!$AS$286:$AS$316),0) -> 0 | V19: =IF(NTri>=$R$30,SUMIF(Flts!E$320:E$349,UDs!$B45,Flts!$AS$320:$AS$349),0) -> 0 | W19: =IF(NTri>=$R$30,SUMIF(Flts!F$320:F$349,UDs!$B45,Flts!$AS$320:$AS$349),0) -> 0 | X19: =SUM(E19,G19,I19,K19,M19,O19,Q19,S19,U19,W19) -> 16 | Y19: =IF(AND(FechaInicio1Tri<=UDs!$F45, FechaFin1Tri>=UDs!$F45),(E19+G19+I19+K19)/(D19+F19+H19+J19),0%) -> 0 | Z19: =IF(AND(FechaInicio2Tri<=UDs!$F45, FechaFin2Tri>=UDs!$F45),(M19+O19+Q19)/(L19+N19+P19),0%) -> 0 | AA19: =IF(AND(FechaInicio3Tri<=UDs!$F45, FechaFin3Tri>=UDs!$F45),(S19+U19+W19)/(R19+T19+V19),0%) -> 0
B20: =IF(UDs!C46<>0,UDs!B46,IF(C20<>0,CoUDCM,0)) -> 0 | C20: =IFERROR(IF(C19+UDs!C45>C19,C19+UDs!C45,0),0) -> 0 | D20: =SUMIF(Flts!E$14:E$43,UDs!$B46,Flts!$AS$14:$AS$43) -> 0 | E20: =SUMIF(Flts!F$14:F$43,UDs!$B46,Flts!$AS$14:$AS$43) -> 0 | F20: =SUMIF(Flts!E$48:E$78,UDs!$B46,Flts!$AS$48:$AS$78) -> 0 | G20: =SUMIF(Flts!F$48:F$78,UDs!$B46,Flts!$AS$48:$AS$78) -> 0 | H20: =SUMIF(Flts!E$82:E$111,UDs!$B46,Flts!$AS$82:$AS$111) -> 0 | I20: =SUMIF(Flts!F$82:F$111,UDs!$B46,Flts!$AS$82:$AS$111) -> 0 | J20: =SUMIF(Flts!E$116:E$146,UDs!$B46,Flts!$AS$116:$AS$146) -> 0 | K20: =SUMIF(Flts!F$116:F$146,UDs!$B46,Flts!$AS$116:$AS$146) -> 0 | L20: =SUMIF(Flts!E$150:E$180,UDs!$B46,Flts!$AS$150:$AS$180) -> 4 | M20: =SUMIF(Flts!F$150:F$180,UDs!$B46,Flts!$AS$150:$AS$180) -> 4 | N20: =SUMIF(Flts!E$184:E$212,UDs!$B46,Flts!$AS$184:$AS$212) -> 0 | O20: =SUMIF(Flts!F$184:F$212,UDs!$B46,Flts!$AS$184:$AS$212) -> 0 | P20: =SUMIF(Flts!E$218:E$248,UDs!$B46,Flts!$AS$218:$AS$248) -> 19 | Q20: =SUMIF(Flts!F$218:F$248,UDs!$B46,Flts!$AS$218:$AS$248) -> 12 | R20: =IF(NTri>=$R$30,SUMIF(Flts!E$252:E$281,UDs!$B46,Flts!$AS$252:$AS$281),0) -> 16 | S20: =IF(NTri>=$R$30,SUMIF(Flts!F$252:F$281,UDs!$B46,Flts!$AS$252:$AS$281),0) -> 0 | T20: =IF(NTri>=$R$30,SUMIF(Flts!E$286:E$316,UDs!$B46,Flts!$AS$286:$AS$316),0) -> 20 | U20: =IF(NTri>=$R$30,SUMIF(Flts!F$286:F$316,UDs!$B46,Flts!$AS$286:$AS$316),0) -> 0 | V20: =IF(NTri>=$R$30,SUMIF(Flts!E$320:E$349,UDs!$B46,Flts!$AS$320:$AS$349),0) -> 0 | W20: =IF(NTri>=$R$30,SUMIF(Flts!F$320:F$349,UDs!$B46,Flts!$AS$320:$AS$349),0) -> 0 | X20: =SUM(E20,G20,I20,K20,M20,O20,Q20,S20,U20,W20) -> 16 | Y20: =IF(AND(FechaInicio1Tri<=UDs!$F46, FechaFin1Tri>=UDs!$F46),(E20+G20+I20+K20)/(D20+F20+H20+J20),0%) -> 0 | Z20: =IF(AND(FechaInicio2Tri<=UDs!$F46, FechaFin2Tri>=UDs!$F46),(M20+O20+Q20)/(L20+N20+P20),0%) -> 0 | AA20: =IF(AND(FechaInicio3Tri<=UDs!$F46, FechaFin3Tri>=UDs!$F46),(S20+U20+W20)/(R20+T20+V20),0%) -> 0
... B28: =IF(UDs!C54<>0,UDs!B54,IF(C28<>0,CoUDCM,0)) -> 0 | C28: =IFERROR(IF(C27+UDs!C53>C27,C27+UDs!C53,0),0) -> 0 | D28: =SUMIF(Flts!E$14:E$43,UDs!$B54,Flts!$AS$14:$AS$43) -> 0 | E28: =SUMIF(Flts!F$14:F$43,UDs!$B54,Flts!$AS$14:$AS$43) -> 0 | F28: =SUMIF(Flts!E$48:E$78,UDs!$B54,Flts!$AS$48:$AS$78) -> 0 | G28: =SUMIF(Flts!F$48:F$78,UDs!$B54,Flts!$AS$48:$AS$78) -> 0 | H28: =SUMIF(Flts!E$82:E$111,UDs!$B54,Flts!$AS$82:$AS$111) -> 0 | I28: =SUMIF(Flts!F$82:F$111,UDs!$B54,Flts!$AS$82:$AS$111) -> 0 | J28: =SUMIF(Flts!E$116:E$146,UDs!$B54,Flts!$AS$116:$AS$146) -> 0 | K28: =SUMIF(Flts!F$116:F$146,UDs!$B54,Flts!$AS$116:$AS$146) -> 0 | L28: =SUMIF(Flts!E$150:E$180,UDs!$B54,Flts!$AS$150:$AS$180) -> 4 | M28: =SUMIF(Flts!F$150:F$180,UDs!$B54,Flts!$AS$150:$AS$180) -> 4 | N28: =SUMIF(Flts!E$184:E$212,UDs!$B54,Flts!$AS$184:$AS$212) -> 0 | O28: =SUMIF(Flts!F$184:F$212,UDs!$B54,Flts!$AS$184:$AS$212) -> 0 | P28: =SUMIF(Flts!E$218:E$248,UDs!$B54,Flts!$AS$218:$AS$248) -> 19 | Q28: =SUMIF(Flts!F$218:F$248,UDs!$B54,Flts!$AS$218:$AS$248) -> 12 | R28: =IF(NTri>=$R$30,SUMIF(Flts!E$252:E$281,UDs!$B54,Flts!$AS$252:$AS$281),0) -> 16 | S28: =IF(NTri>=$R$30,SUMIF(Flts!F$252:F$281,UDs!$B54,Flts!$AS$252:$AS$281),0) -> 0 | T28: =IF(NTri>=$R$30,SUMIF(Flts!E$286:E$316,UDs!$B54,Flts!$AS$286:$AS$316),0) -> 20 | U28: =IF(NTri>=$R$30,SUMIF(Flts!F$286:F$316,UDs!$B54,Flts!$AS$286:$AS$316),0) -> 0 | V28: =IF(NTri>=$R$30,SUMIF(Flts!E$320:E$349,UDs!$B54,Flts!$AS$320:$AS$349),0) -> 0 | W28: =IF(NTri>=$R$30,SUMIF(Flts!F$320:F$349,UDs!$B54,Flts!$AS$320:$AS$349),0) -> 0 | X28: =SUM(E28,G28,I28,K28,M28,O28,Q28,S28,U28,W28) -> 16 | Y28: =IF(AND(FechaInicio1Tri<=UDs!$F54, FechaFin1Tri>=UDs!$F54),(E28+G28+I28+K28)/(D28+F28+H28+J28),0%) -> 0 | Z28: =IF(AND(FechaInicio2Tri<=UDs!$F54, FechaFin2Tri>=UDs!$F54),(M28+O28+Q28)/(L28+N28+P28),0%) -> 0 | AA28: =IF(AND(FechaInicio3Tri<=UDs!$F54, FechaFin3Tri>=UDs!$F54),(S28+U28+W28)/(R28+T28+V28),0%) -> 0
C29: ƩH. /mes | D29: =SUM(D8:D28) -> 12 | E29: =SUM(E8:E28) -> 12 | F29: =SUM(F8:F28) -> 21 | G29: =SUM(G8:G28) -> 21 | H29: =SUM(H8:H28) -> 19 | I29: =SUM(I8:I28) -> 19 | J29: =SUM(J8:J28) -> 14 | K29: =SUM(K8:K28) -> 14 | ... X29: =SUM(X8:X28) -> 367
D30: 1 | L30: 2 | R30: 3
B32: Contingencias
D34: 1er Tri. | L34: 2º Tri. | R34: 3er Tri.
B35: =Info!AD2 -> Cód.MD | C35: ΣH. MD | D35: Sep | F35: Oct | H35: Nov | J35: Dic | L35: Ene | N35: Feb | P35: Mar | R35: Abr | T35: May | V35: Jun | X35: =Info!AE2 -> Desviación
B36: =Info!AD4 -> D1 | C36: =SUM(D36,F36,H36,J36,L36,N36,P36,R36,T36,V36) -> 0 | D36: =SUMIF(Flts!$J$14:$J$43,$X36,Flts!$AS$14:$AS$43) -> 0 | F36: =SUMIF(Flts!$J$48:$J$78,$X36,Flts!$AS$48:$AS$78) -> 0 | H36: =SUMIF(Flts!$J$82:$J$111,$X36,Flts!$AS$82:$AS$111) -> 0 | J36: =SUMIF(Flts!$J$116:$J$146,$X36,Flts!$AS$116:$AS$146) -> 0 | L36: =SUMIF(Flts!$J$150:$J$180,$X36,Flts!$AS$150:$AS$180) -> 0 | N36: =SUMIF(Flts!$J$184:$J$212,$X36,Flts!$AS$184:$AS$212) -> 0 | P36: =SUMIF(Flts!$J$218:$J$248,$X36,Flts!$AS$218:$AS$248) -> 0 | R36: =SUMIF(Flts!$J$252:$J$281,$X36,Flts!$AS$252:$AS$281) -> 0 | T36: =SUMIF(Flts!$J$286:$J$316,$X36,Flts!$AS$286:$AS$316) -> 0 | V36: =SUMIF(Flts!$J$320:$J$349,$X36,Flts!$AS$320:$AS$349) -> 0 | X36: =Info!AE4 -> Baja laboral
B37: =Info!AD5 -> D2 | C37: =SUM(D37,F37,H37,J37,L37,N37,P37,R37,T37,V37) -> 0 | D37: =SUMIF(Flts!$J$14:$J$43,$X37,Flts!$AS$14:$AS$43) -> 0 | F37: =SUMIF(Flts!$J$48:$J$78,$X37,Flts!$AS$48:$AS$78) -> 0 | H37: =SUMIF(Flts!$J$82:$J$111,$X37,Flts!$AS$82:$AS$111) -> 0 | J37: =SUMIF(Flts!$J$116:$J$146,$X37,Flts!$AS$116:$AS$146) -> 0 | L37: =SUMIF(Flts!$J$150:$J$180,$X37,Flts!$AS$150:$AS$180) -> 0 | N37: =SUMIF(Flts!$J$184:$J$212,$X37,Flts!$AS$184:$AS$212) -> 0 | P37: =SUMIF(Flts!$J$218:$J$248,$X37,Flts!$AS$218:$AS$248) -> 0 | R37: =SUMIF(Flts!$J$252:$J$281,$X37,Flts!$AS$252:$AS$281) -> 0 | T37: =SUMIF(Flts!$J$286:$J$316,$X37,Flts!$AS$286:$AS$316) -> 0 | V37: =SUMIF(Flts!$J$320:$J$349,$X37,Flts!$AS$320:$AS$349) -> 0 | X37: =Info!AE5 -> Actitud
B38: =Info!AD6 -> D3 | C38: =SUM(D38,F38,H38,J38,L38,N38,P38,R38,T38,V38) -> 0 | D38: =SUMIF(Flts!$J$14:$J$43,$X38,Flts!$AS$14:$AS$43) -> 0 | F38: =SUMIF(Flts!$J$48:$J$78,$X38,Flts!$AS$48:$AS$78) -> 0 | H38: =SUMIF(Flts!$J$82:$J$111,$X38,Flts!$AS$82:$AS$111) -> 0 | J38: =SUMIF(Flts!$J$116:$J$146,$X38,Flts!$AS$116:$AS$146) -> 0 | L38: =SUMIF(Flts!$J$150:$J$180,$X38,Flts!$AS$150:$AS$180) -> 0 | N38: =SUMIF(Flts!$J$184:$J$212,$X38,Flts!$AS$184:$AS$212) -> 0 | P38: =SUMIF(Flts!$J$218:$J$248,$X38,Flts!$AS$218:$AS$248) -> 0 | R38: =SUMIF(Flts!$J$252:$J$281,$X38,Flts!$AS$252:$AS$281) -> 0 | T38: =SUMIF(Flts!$J$286:$J$316,$X38,Flts!$AS$286:$AS$316) -> 0 | V38: =SUMIF(Flts!$J$320:$J$349,$X38,Flts!$AS$320:$AS$349) -> 0 | X38: =Info!AE6 -> Ampliación
B39: =Info!AD7 -> D4 | C39: =SUM(D39,F39,H39,J39,L39,N39,P39,R39,T39,V39) -> 0 | D39: =SUMIF(Flts!$J$14:$J$43,$X39,Flts!$AS$14:$AS$43) -> 0 | F39: =SUMIF(Flts!$J$48:$J$78,$X39,Flts!$AS$48:$AS$78) -> 0 | H39: =SUMIF(Flts!$J$82:$J$111,$X39,Flts!$AS$82:$AS$111) -> 0 | J39: =SUMIF(Flts!$J$116:$J$146,$X39,Flts!$AS$116:$AS$146) -> 0 | L39: =SUMIF(Flts!$J$150:$J$180,$X39,Flts!$AS$150:$AS$180) -> 0 | N39: =SUMIF(Flts!$J$184:$J$212,$X39,Flts!$AS$184:$AS$212) -> 0 | P39: =SUMIF(Flts!$J$218:$J$248,$X39,Flts!$AS$218:$AS$248) -> 0 | R39: =SUMIF(Flts!$J$252:$J$281,$X39,Flts!$AS$252:$AS$281) -> 0 | T39: =SUMIF(Flts!$J$286:$J$316,$X39,Flts!$AS$286:$AS$316) -> 0 | V39: =SUMIF(Flts!$J$320:$J$349,$X39,Flts!$AS$320:$AS$349) -> 0 | X39: =Info!AE7 -> Retraso
B42: =Info!AG2 -> Cód.MC | C42: ΣH. MC | D42: Sep | F42: Oct | H42: Nov | J42: Dic | L42: Ene | N42: Feb | P42: Mar | R42: Abr | T42: May | V42: Jun | X42: =Info!AH2 -> Corrección
B43: =Info!AG3 -> M1 | C43: =SUM(D43,F43,H43,J43,L43,N43,P43,R43,T43,V43) -> 0 | D43: =SUMIF(Flts!$K$14:$K$43,$X43,Flts!$AS$14:$AS$43) -> 0 | F43: =SUMIF(Flts!$K$48:$K$78,$X43,Flts!$AS$48:$AS$78) -> 0 | H43: =SUMIF(Flts!$K$82:$K$111,$X43,Flts!$AS$82:$AS$111) -> 0 | J43: =SUMIF(Flts!$K$116:$K$146,$X43,Flts!$AS$116:$AS$146) -> 0 | L43: =SUMIF(Flts!$K$150:$K$180,$X43,Flts!$AS$150:$AS$180) -> 0 | N43: =SUMIF(Flts!$K$184:$K$212,$X43,Flts!$AS$184:$AS$212) -> 0 | P43: =SUMIF(Flts!$K$218:$K$248,$X43,Flts!$AS$218:$AS$248) -> 0 | R43: =SUMIF(Flts!$K$252:$K$281,$X43,Flts!$AS$252:$AS$281) -> 0 | T43: =SUMIF(Flts!$K$286:$K$316,$X43,Flts!$AS$286:$AS$316) -> 0 | V43: =SUMIF(Flts!$K$320:$K$349,$X43,Flts!$AS$320:$AS$349) -> 0 | X43: =Info!AH3 -> Trabajo personal
B44: =Info!AG4 -> M2 | C44: =SUM(D44,F44,H44,J44,L44,N44,P44,R44,T44,V44) -> 0 | D44: =SUMIF(Flts!$K$14:$K$43,$X44,Flts!$AS$14:$AS$43) -> 0 | F44: =SUMIF(Flts!$K$48:$K$78,$X44,Flts!$AS$48:$AS$78) -> 0 | H44: =SUMIF(Flts!$K$82:$K$111,$X44,Flts!$AS$82:$AS$111) -> 0 | J44: =SUMIF(Flts!$K$116:$K$146,$X44,Flts!$AS$116:$AS$146) -> 0 | L44: =SUMIF(Flts!$K$150:$K$180,$X44,Flts!$AS$150:$AS$180) -> 0 | N44: =SUMIF(Flts!$K$184:$K$212,$X44,Flts!$AS$184:$AS$212) -> 0 | P44: =SUMIF(Flts!$K$218:$K$248,$X44,Flts!$AS$218:$AS$248) -> 0 | R44: =SUMIF(Flts!$K$252:$K$281,$X44,Flts!$AS$252:$AS$281) -> 0 | T44: =SUMIF(Flts!$K$286:$K$316,$X44,Flts!$AS$286:$AS$316) -> 0 | V44: =SUMIF(Flts!$K$320:$K$349,$X44,Flts!$AS$320:$AS$349) -> 0 | X44: =Info!AH4 -> Contenido mínimo
B45: =Info!AG5 -> M3 | C45: =SUM(D45,F45,H45,J45,L45,N45,P45,R45,T45,V45) -> 0 | D45: =SUMIF(Flts!$K$14:$K$43,$X45,Flts!$AS$14:$AS$43) -> 0 | F45: =SUMIF(Flts!$K$48:$K$78,$X45,Flts!$AS$48:$AS$78) -> 0 | H45: =SUMIF(Flts!$K$82:$K$111,$X45,Flts!$AS$82:$AS$111) -> 0 | J45: =SUMIF(Flts!$K$116:$K$146,$X45,Flts!$AS$116:$AS$146) -> 0 | L45: =SUMIF(Flts!$K$150:$K$180,$X45,Flts!$AS$150:$AS$180) -> 0 | N45: =SUMIF(Flts!$K$184:$K$212,$X45,Flts!$AS$184:$AS$212) -> 0 | P45: =SUMIF(Flts!$K$218:$K$248,$X45,Flts!$AS$218:$AS$248) -> 0 | R45: =SUMIF(Flts!$K$252:$K$281,$X45,Flts!$AS$252:$AS$281) -> 0 | T45: =SUMIF(Flts!$K$286:$K$316,$X45,Flts!$AS$286:$AS$316) -> 0 | V45: =SUMIF(Flts!$K$320:$K$349,$X45,Flts!$AS$320:$AS$349) -> 0 | X45: =Info!AH5 -> Encaje futuro
AA47: =IModulo&" ("&IProfesor&")" -> FPM-it-1-0237 Infra. comunes de teleco en viviendas y edificios (Rafa Sanz)

Sheet Calnd
A1: ="Calendario académico. "&AñoInicioCurso&" - "&AñoInicioCurso+1 -> Calendario académico. 2025 - 2026 | R1: =FechaHoy -> 46099
B2: =IModulo&" ("&IProfesor&")" -> FPM-it-1-0237 Infra. comunes de teleco en viviendas y edificios (Rafa Sanz)
B4: 9 | C4: =DATE(YEAR(FechaInicio1Tri),B4,1) -> 45901 | I4: =YEAR(FechaInicio1Tri) -> 2025 | K4: 10 | L4: =DATE(YEAR(FechaInicio1Tri),K4,1) -> 45931 | R4: =YEAR(FechaInicio1Tri) -> 2025
B5: S | C5: Lun | D5: Mar | E5: Mié | F5: Jue | G5: Vie | H5: Sáb | I5: Dom | K5: S | L5: Lun | M5: Mar | N5: Mié | O5: Jue | P5: Vie | Q5: Sáb | R5: Dom
B6: =_xlfn.ISOWEEKNUM(C4) -> 36 | C6: =IF(WEEKDAY(C4,2)=1,C4,0) -> 45901 | D6: =IF(WEEKDAY(C4,2)=2, C4, IF(WEEKDAY(C4,2)<2, C6+1,0)) -> 45902 | E6: =IF(WEEKDAY(C4,2)=3, C4, IF(WEEKDAY(C4,2)<3, D6+1,0)) -> 45903 | F6: =IF(WEEKDAY(C4,2)=4, C4, IF(WEEKDAY(C4,2)<4, E6+1,0)) -> 45904 | G6: =IF(WEEKDAY(C4,2)=5, C4, IF(WEEKDAY(C4,2)<5, F6+1,0)) -> 45905 | H6: =IF(WEEKDAY(C4,2)=6, C4, IF(WEEKDAY(C4,2)<6, G6+1,0)) -> 45906 | I6: =IF(WEEKDAY(C4,2)=7, C4, IF(WEEKDAY(C4,2)<7, H6+1,0)) -> 45907 | K6: =_xlfn.ISOWEEKNUM(L4) -> 40 | L6: =IF(WEEKDAY(L4,2)=1,L4,0) -> 0 | M6: =IF(WEEKDAY(L4,2)=2, L4, IF(WEEKDAY(L4,2)<2, L6+1,0)) -> 0 | N6: =IF(WEEKDAY(L4,2)=3, L4, IF(WEEKDAY(L4,2)<3, M6+1,0)) -> 45931 | O6: =IF(WEEKDAY(L4,2)=4, L4, IF(WEEKDAY(L4,2)<4, N6+1,0)) -> 45932 | P6: =IF(WEEKDAY(L4,2)=5, L4, IF(WEEKDAY(L4,2)<5, O6+1,0)) -> 45933 | Q6: =IF(WEEKDAY(L4,2)=6, L4, IF(WEEKDAY(L4,2)<6, P6+1,0)) -> 45934 | R6: =IF(WEEKDAY(L4,2)=7, L4, IF(WEEKDAY(L4,2)<7, Q6+1,0)) -> 45935
C7: =IFERROR(_xlfn.XLOOKUP(C6,Flts!$I$14:$I$349,Flts!$C$14:$C$349),0) -> 0 | D7: =IFERROR(_xlfn.XLOOKUP(D6,Flts!$I$14:$I$349,Flts!$C$14:$C$349),0) -> 0 | E7: =IFERROR(_xlfn.XLOOKUP(E6,Flts!$I$14:$I$349,Flts!$C$14:$C$349),0) -> 0 | F7: =IFERROR(_xlfn.XLOOKUP(F6,Flts!$I$14:$I$349,Flts!$C$14:$C$349),0) -> 0 | G7: =IFERROR(_xlfn.XLOOKUP(G6,Flts!$I$14:$I$349,Flts!$C$14:$C$349),0) -> 0 | H7: =IFERROR(_xlfn.XLOOKUP(H6,Flts!$I$14:$I$349,Flts!$C$14:$C$349),0) -> 0 | I7: =IFERROR(_xlfn.XLOOKUP(I6,Flts!$I$14:$I$349,Flts!$C$14:$C$349),0) -> 0 | L7: =IFERROR(_xlfn.XLOOKUP(L6,Flts!$I$14:$I$349,Flts!$C$14:$C$349),0) -> 0 | M7: =IFERROR(_xlfn.XLOOKUP(M6,Flts!$I$14:$I$349,Flts!$C$14:$C$349),0) -> 0 | N7: =IFERROR(_xlfn.XLOOKUP(N6,Flts!$I$14:$I$349,Flts!$C$14:$C$349),0) -> 0 | O7: =IFERROR(_xlfn.XLOOKUP(O6,Flts!$I$14:$I$349,Flts!$C$14:$C$349),0) -> 0 | P7: =IFERROR(_xlfn.XLOOKUP(P6,Flts!$I$14:$I$349,Flts!$C$14:$C$349),0) -> 0 | Q7: =IFERROR(_xlfn.XLOOKUP(Q6,Flts!$I$14:$I$349,Flts!$C$14:$C$349),0) -> 0 | R7: =IFERROR(_xlfn.XLOOKUP(R6,Flts!$I$14:$I$349,Flts!$C$14:$C$349),0) -> 0
C8: =IFERROR(_xlfn.XLOOKUP(C6,Flts!$I$14:$I$349,Flts!$D$14:$D$349),0) -> 0 | D8: =IFERROR(_xlfn.XLOOKUP(D6,Flts!$I$14:$I$349,Flts!$D$14:$D$349),0) -> 0 | E8: =IFERROR(_xlfn.XLOOKUP(E6,Flts!$I$14:$I$349,Flts!$D$14:$D$349),0) -> 0 | F8: =IFERROR(_xlfn.XLOOKUP(F6,Flts!$I$14:$I$349,Flts!$D$14:$D$349),0) -> FCT+Pry. ExtraOrd | G8: =IFERROR(_xlfn.XLOOKUP(G6,Flts!$I$14:$I$349,Flts!$D$14:$D$349),0) -> 0 | H8: =IFERROR(_xlfn.XLOOKUP(H6,Flts!$I$14:$I$349,Flts!$D$14:$D$349),0) -> 0 | I8: =IFERROR(_xlfn.XLOOKUP(I6,Flts!$I$14:$I$349,Flts!$D$14:$D$349),0) -> 0 | L8: =IFERROR(_xlfn.XLOOKUP(L6,Flts!$I$14:$I$349,Flts!$D$14:$D$349),0) -> 0 | M8: =IFERROR(_xlfn.XLOOKUP(M6,Flts!$I$14:$I$349,Flts!$D$14:$D$349),0) -> 0 | N8: =IFERROR(_xlfn.XLOOKUP(N6,Flts!$I$14:$I$349,Flts!$D$14:$D$349),0) -> 0 | O8: =IFERROR(_xlfn.XLOOKUP(O6,Flts!$I$14:$I$349,Flts!$D$14:$D$349),0) -> 0 | P8: =IFERROR(_xlfn.XLOOKUP(P6,Flts!$I$14:$I$349,Flts!$D$14:$D$349),0) -> 0 | Q8: =IFERROR(_xlfn.XLOOKUP(Q6,Flts!$I$14:$I$349,Flts!$D$14:$D$349),0) -> 0 | R8: =IFERROR(_xlfn.XLOOKUP(R6,Flts!$I$14:$I$349,Flts!$D$14:$D$349),0) -> 0
C9: =IFERROR(_xlfn.XLOOKUP(C6,Flts!$I$14:$I$349,Flts!$E$14:$E$349),0) -> 0 | D9: =IFERROR(_xlfn.XLOOKUP(D6,Flts!$I$14:$I$349,Flts!$E$14:$E$349),0) -> 0 | E9: =IFERROR(_xlfn.XLOOKUP(E6,Flts!$I$14:$I$349,Flts!$E$14:$E$349),0) -> 0 | F9: =IFERROR(_xlfn.XLOOKUP(F6,Flts!$I$14:$I$349,Flts!$E$14:$E$349),0) -> 0 | G9: =IFERROR(_xlfn.XLOOKUP(G6,Flts!$I$14:$I$349,Flts!$E$14:$E$349),0) -> 0 | L9: =IFERROR(_xlfn.XLOOKUP(L6,Flts!$I$14:$I$349,Flts!$E$14:$E$349),0) -> 0 | M9: =IFERROR(_xlfn.XLOOKUP(M6,Flts!$I$14:$I$349,Flts!$E$14:$E$349),0) -> 0 | N9: =IFERROR(_xlfn.XLOOKUP(N6,Flts!$I$14:$I$349,Flts!$E$14:$E$349),0) -> UD01 | O9: =IFERROR(_xlfn.XLOOKUP(O6,Flts!$I$14:$I$349,Flts!$E$14:$E$349),0) -> UD01 | P9: =IFERROR(_xlfn.XLOOKUP(P6,Flts!$I$14:$I$349,Flts!$E$14:$E$349),0) -> UD01
B10: =_xlfn.ISOWEEKNUM(C10) -> 37 | C10: =I6+1 -> 45908 | D10: =C10+1 -> 45909 | E10: =D10+1 -> 45910 | F10: =E10+1 -> 45911 | G10: =F10+1 -> 45912 | H10: =G10+1 -> 45913 | I10: =H10+1 -> 45914 | K10: =_xlfn.ISOWEEKNUM(L10) -> 41 | L10: =R6+1 -> 45936 | M10: =L10+1 -> 45937 | N10: =M10+1 -> 45938 | O10: =N10+1 -> 45939 | P10: =O10+1 -> 45940 | Q10: =P10+1 -> 45941 | R10: =Q10+1 -> 45942
C11: =IFERROR(_xlfn.XLOOKUP(C10,Flts!$I$14:$I$349,Flts!$C$14:$C$349),0) -> 0 | D11: =IFERROR(_xlfn.XLOOKUP(D10,Flts!$I$14:$I$349,Flts!$C$14:$C$349),0) -> 0 | E11: =IFERROR(_xlfn.XLOOKUP(E10,Flts!$I$14:$I$349,Flts!$C$14:$C$349),0) -> 0 | F11: =IFERROR(_xlfn.XLOOKUP(F10,Flts!$I$14:$I$349,Flts!$C$14:$C$349),0) -> 0 | G11: =IFERROR(_xlfn.XLOOKUP(G10,Flts!$I$14:$I$349,Flts!$C$14:$C$349),0) -> 0 | H11: =IFERROR(_xlfn.XLOOKUP(H10,Flts!$I$14:$I$349,Flts!$C$14:$C$349),0) -> 0 | I11: =IFERROR(_xlfn.XLOOKUP(I10,Flts!$I$14:$I$349,Flts!$C$14:$C$349),0) -> 0 | L11: =IFERROR(_xlfn.XLOOKUP(L10,Flts!$I$14:$I$349,Flts!$C$14:$C$349),0) -> 0 | M11: =IFERROR(_xlfn.XLOOKUP(M10,Flts!$I$14:$I$349,Flts!$C$14:$C$349),0) -> 0 | N11: =IFERROR(_xlfn.XLOOKUP(N10,Flts!$I$14:$I$349,Flts!$C$14:$C$349),0) -> 0 | O11: =IFERROR(_xlfn.XLOOKUP(O10,Flts!$I$14:$I$349,Flts!$C$14:$C$349),0) -> 0 | P11: =IFERROR(_xlfn.XLOOKUP(P10,Flts!$I$14:$I$349,Flts!$C$14:$C$349),0) -> Pilares | Q11: =IFERROR(_xlfn.XLOOKUP(Q10,Flts!$I$14:$I$349,Flts!$C$14:$C$349),0) -> 0 | R11: =IFERROR(_xlfn.XLOOKUP(R10,Flts!$I$14:$I$349,Flts!$C$14:$C$349),0) -> 0
C12: =IFERROR(_xlfn.XLOOKUP(C10,Flts!$I$14:$I$349,Flts!$D$14:$D$349),0) -> 0 | D12: =IFERROR(_xlfn.XLOOKUP(D10,Flts!$I$14:$I$349,Flts!$D$14:$D$349),0) -> 0 | E12: =IFERROR(_xlfn.XLOOKUP(E10,Flts!$I$14:$I$349,Flts!$D$14:$D$349),0) -> 0 | F12: =IFERROR(_xlfn.XLOOKUP(F10,Flts!$I$14:$I$349,Flts!$D$14:$D$349),0) -> Presentación | G12: =IFERROR(_xlfn.XLOOKUP(G10,Flts!$I$14:$I$349,Flts!$D$14:$D$349),0) -> Inicio clases | H12: =IFERROR(_xlfn.XLOOKUP(H10,Flts!$I$14:$I$349,Flts!$D$14:$D$349),0) -> 0 | I12: =IFERROR(_xlfn.XLOOKUP(I10,Flts!$I$14:$I$349,Flts!$D$14:$D$349),0) -> 0 | L12: =IFERROR(_xlfn.XLOOKUP(L10,Flts!$I$14:$I$349,Flts!$D$14:$D$349),0) -> 0 | M12: =IFERROR(_xlfn.XLOOKUP(M10,Flts!$I$14:$I$349,Flts!$D$14:$D$349),0) -> 0 | N12: =IFERROR(_xlfn.XLOOKUP(N10,Flts!$I$14:$I$349,Flts!$D$14:$D$349),0) -> 0 | O12: =IFERROR(_xlfn.XLOOKUP(O10,Flts!$I$14:$I$349,Flts!$D$14:$D$349),0) -> 0 | P12: =IFERROR(_xlfn.XLOOKUP(P10,Flts!$I$14:$I$349,Flts!$D$14:$D$349),0) -> 0 | Q12: =IFERROR(_xlfn.XLOOKUP(Q10,Flts!$I$14:$I$349,Flts!$D$14:$D$349),0) -> 0 | R12: =IFERROR(_xlfn.XLOOKUP(R10,Flts!$I$14:$I$349,Flts!$D$14:$D$349),0) -> 0
C13: =IFERROR(_xlfn.XLOOKUP(C10,Flts!$I$14:$I$349,Flts!$E$14:$E$349),0) -> 0 | D13: =IFERROR(_xlfn.XLOOKUP(D10,Flts!$I$14:$I$349,Flts!$E$14:$E$349),0) -> 0 | E13: =IFERROR(_xlfn.XLOOKUP(E10,Flts!$I$14:$I$349,Flts!$E$14:$E$349),0) -> 0 | F13: =IFERROR(_xlfn.XLOOKUP(F10,Flts!$I$14:$I$349,Flts!$E$14:$E$349),0) -> 0 | G13: =IFERROR(_xlfn.XLOOKUP(G10,Flts!$I$14:$I$349,Flts!$E$14:$E$349),0) -> 0 | L13: =IFERROR(_xlfn.XLOOKUP(L10,Flts!$I$14:$I$349,Flts!$E$14:$E$349),0) -> UD01 | M13: =IFERROR(_xlfn.XLOOKUP(M10,Flts!$I$14:$I$349,Flts!$E$14:$E$349),0) -> UD01 | N13: =IFERROR(_xlfn.XLOOKUP(N10,Flts!$I$14:$I$349,Flts!$E$14:$E$349),0) -> UD01 | O13: =IFERROR(_xlfn.XLOOKUP(O10,Flts!$I$14:$I$349,Flts!$E$14:$E$349),0) -> UD01 | P13: =IFERROR(_xlfn.XLOOKUP(P10,Flts!$I$14:$I$349,Flts!$E$14:$E$349),0) -> 0
B14: =B10+1 -> 38 | C14: =I10+1 -> 45915 | D14: =C14+1 -> 45916 | E14: =D14+1 -> 45917 | F14: =E14+1 -> 45918 | G14: =F14+1 -> 45919 | H14: =G14+1 -> 45920 | I14: =H14+1 -> 45921 | K14: =K10+1 -> 42 | L14: =R10+1 -> 45943 | M14: =L14+1 -> 45944 | N14: =M14+1 -> 45945 | O14: =N14+1 -> 45946 | P14: =O14+1 -> 45947 | Q14: =P14+1 -> 45948 | R14: =Q14+1 -> 45949
C15: =IFERROR(_xlfn.XLOOKUP(C14,Flts!$I$14:$I$349,Flts!$C$14:$C$349),0) -> 0 | D15: =IFERROR(_xlfn.XLOOKUP(D14,Flts!$I$14:$I$349,Flts!$C$14:$C$349),0) -> 0 | E15: =IFERROR(_xlfn.XLOOKUP(E14,Flts!$I$14:$I$349,Flts!$C$14:$C$349),0) -> 0 | F15: =IFERROR(_xlfn.XLOOKUP(F14,Flts!$I$14:$I$349,Flts!$C$14:$C$349),0) -> 0 | G15: =IFERROR(_xlfn.XLOOKUP(G14,Flts!$I$14:$I$349,Flts!$C$14:$C$349),0) -> 0 | H15: =IFERROR(_xlfn.XLOOKUP(H14,Flts!$I$14:$I$349,Flts!$C$14:$C$349),0) -> 0 | I15: =IFERROR(_xlfn.XLOOKUP(I14,Flts!$I$14:$I$349,Flts!$C$14:$C$349),0) -> 0 | L15: =IFERROR(_xlfn.XLOOKUP(L14,Flts!$I$14:$I$349,Flts!$C$14:$C$349),0) -> Pilares | M15: =IFERROR(_xlfn.XLOOKUP(M14,Flts!$I$14:$I$349,Flts!$C$14:$C$349),0) -> 0 | N15: =IFERROR(_xlfn.XLOOKUP(N14,Flts!$I$14:$I$349,Flts!$C$14:$C$349),0) -> 0 | O15: =IFERROR(_xlfn.XLOOKUP(O14,Flts!$I$14:$I$349,Flts!$C$14:$C$349),0) -> 0 | P15: =IFERROR(_xlfn.XLOOKUP(P14,Flts!$I$14:$I$349,Flts!$C$14:$C$349),0) -> 0 | Q15: =IFERROR(_xlfn.XLOOKUP(Q14,Flts!$I$14:$I$349,Flts!$C$14:$C$349),0) -> 0 | R15: =IFERROR(_xlfn.XLOOKUP(R14,Flts!$I$14:$I$349,Flts!$C$14:$C$349),0) -> 0
C16: =IFERROR(_xlfn.XLOOKUP(C14,Flts!$I$14:$I$349,Flts!$D$14:$D$349),0) -> 0 | D16: =IFERROR(_xlfn.XLOOKUP(D14,Flts!$I$14:$I$349,Flts!$D$14:$D$349),0) -> 0 | E16: =IFERROR(_xlfn.XLOOKUP(E14,Flts!$I$14:$I$349,Flts!$D$14:$D$349),0) -> 0 | F16: =IFERROR(_xlfn.XLOOKUP(F14,Flts!$I$14:$I$349,Flts!$D$14:$D$349),0) -> 0 | G16: =IFERROR(_xlfn.XLOOKUP(G14,Flts!$I$14:$I$349,Flts!$D$14:$D$349),0) -> 0 | H16: =IFERROR(_xlfn.XLOOKUP(H14,Flts!$I$14:$I$349,Flts!$D$14:$D$349),0) -> 0 | I16: =IFERROR(_xlfn.XLOOKUP(I14,Flts!$I$14:$I$349,Flts!$D$14:$D$349),0) -> 0 | L16: =IFERROR(_xlfn.XLOOKUP(L14,Flts!$I$14:$I$349,Flts!$D$14:$D$349),0) -> 0 | M16: =IFERROR(_xlfn.XLOOKUP(M14,Flts!$I$14:$I$349,Flts!$D$14:$D$349),0) -> 0 | N16: =IFERROR(_xlfn.XLOOKUP(N14,Flts!$I$14:$I$349,Flts!$D$14:$D$349),0) -> 0 | O16: =IFERROR(_xlfn.XLOOKUP(O14,Flts!$I$14:$I$349,Flts!$D$14:$D$349),0) -> 0 | P16: =IFERROR(_xlfn.XLOOKUP(P14,Flts!$I$14:$I$349,Flts!$D$14:$D$349),0) -> 0 | Q16: =IFERROR(_xlfn.XLOOKUP(Q14,Flts!$I$14:$I$349,Flts!$D$14:$D$349),0) -> 0 | R16: =IFERROR(_xlfn.XLOOKUP(R14,Flts!$I$14:$I$349,Flts!$D$14:$D$349),0) -> 0
C17: =IFERROR(_xlfn.XLOOKUP(C14,Flts!$I$14:$I$349,Flts!$E$14:$E$349),0) -> UD00 | D17: =IFERROR(_xlfn.XLOOKUP(D14,Flts!$I$14:$I$349,Flts!$E$14:$E$349),0) -> UD01 | E17: =IFERROR(_xlfn.XLOOKUP(E14,Flts!$I$14:$I$349,Flts!$E$14:$E$349),0) -> UD01 | F17: =IFERROR(_xlfn.XLOOKUP(F14,Flts!$I$14:$I$349,Flts!$E$14:$E$349),0) -> UD01 | G17: =IFERROR(_xlfn.XLOOKUP(G14,Flts!$I$14:$I$349,Flts!$E$14:$E$349),0) -> UD01 | L17: =IFERROR(_xlfn.XLOOKUP(L14,Flts!$I$14:$I$349,Flts!$E$14:$E$349),0) -> 0 | M17: =IFERROR(_xlfn.XLOOKUP(M14,Flts!$I$14:$I$349,Flts!$E$14:$E$349),0) -> UD01 | N17: =IFERROR(_xlfn.XLOOKUP(N14,Flts!$I$14:$I$349,Flts!$E$14:$E$349),0) -> UD01 | O17: =IFERROR(_xlfn.XLOOKUP(O14,Flts!$I$14:$I$349,Flts!$E$14:$E$349),0) -> UD01 | P17: =IFERROR(_xlfn.XLOOKUP(P14,Flts!$I$14:$I$349,Flts!$E$14:$E$349),0) -> UD01
B18: =B14+1 -> 39 | C18: =I14+1 -> 45922 | D18: =C18+1 -> 45923 | E18: =D18+1 -> 45924 | F18: =E18+1 -> 45925 | G18: =F18+1 -> 45926 | H18: =G18+1 -> 45927 | I18: =H18+1 -> 45928 | K18: =K14+1 -> 43 | L18: =R14+1 -> 45950 | M18: =L18+1 -> 45951 | N18: =M18+1 -> 45952 | O18: =N18+1 -> 45953 | P18: =O18+1 -> 45954 | Q18: =P18+1 -> 45955 | R18: =Q18+1 -> 45956
C19: =IFERROR(_xlfn.XLOOKUP(C18,Flts!$I$14:$I$349,Flts!$C$14:$C$349),0) -> 0 | D19: =IFERROR(_xlfn.XLOOKUP(D18,Flts!$I$14:$I$349,Flts!$C$14:$C$349),0) -> 0 | E19: =IFERROR(_xlfn.XLOOKUP(E18,Flts!$I$14:$I$349,Flts!$C$14:$C$349),0) -> 0 | F19: =IFERROR(_xlfn.XLOOKUP(F18,Flts!$I$14:$I$349,Flts!$C$14:$C$349),0) -> 0 | G19: =IFERROR(_xlfn.XLOOKUP(G18,Flts!$I$14:$I$349,Flts!$C$14:$C$349),0) -> 0 | H19: =IFERROR(_xlfn.XLOOKUP(H18,Flts!$I$14:$I$349,Flts!$C$14:$C$349),0) -> 0 | I19: =IFERROR(_xlfn.XLOOKUP(I18,Flts!$I$14:$I$349,Flts!$C$14:$C$349),0) -> 0 | L19: =IFERROR(_xlfn.XLOOKUP(L18,Flts!$I$14:$I$349,Flts!$C$14:$C$349),0) -> 0 | M19: =IFERROR(_xlfn.XLOOKUP(M18,Flts!$I$14:$I$349,Flts!$C$14:$C$349),0) -> 0 | N19: =IFERROR(_xlfn.XLOOKUP(N18,Flts!$I$14:$I$349,Flts!$C$14:$C$349),0) -> 0 | O19: =IFERROR(_xlfn.XLOOKUP(O18,Flts!$I$14:$I$349,Flts!$C$14:$C$349),0) -> 0 | P19: =IFERROR(_xlfn.XLOOKUP(P18,Flts!$I$14:$I$349,Flts!$C$14:$C$349),0) -> 0 | Q19: =IFERROR(_xlfn.XLOOKUP(Q18,Flts!$I$14:$I$349,Flts!$C$14:$C$349),0) -> 0 | R19: =IFERROR(_xlfn.XLOOKUP(R18,Flts!$I$14:$I$349,Flts!$C$14:$C$349),0) -> 0
C20: =IFERROR(_xlfn.XLOOKUP(C18,Flts!$I$14:$I$349,Flts!$D$14:$D$349),0) -> 0 | D20: =IFERROR(_xlfn.XLOOKUP(D18,Flts!$I$14:$I$349,Flts!$D$14:$D$349),0) -> 0 | E20: =IFERROR(_xlfn.XLOOKUP(E18,Flts!$I$14:$I$349,Flts!$D$14:$D$349),0) -> 0 | F20: =IFERROR(_xlfn.XLOOKUP(F18,Flts!$I$14:$I$349,Flts!$D$14:$D$349),0) -> 0 | G20: =IFERROR(_xlfn.XLOOKUP(G18,Flts!$I$14:$I$349,Flts!$D$14:$D$349),0) -> 0 | H20: =IFERROR(_xlfn.XLOOKUP(H18,Flts!$I$14:$I$349,Flts!$D$14:$D$349),0) -> 0 | I20: =IFERROR(_xlfn.XLOOKUP(I18,Flts!$I$14:$I$349,Flts!$D$14:$D$349),0) -> 0 | L20: =IFERROR(_xlfn.XLOOKUP(L18,Flts!$I$14:$I$349,Flts!$D$14:$D$349),0) -> 0 | M20: =IFERROR(_xlfn.XLOOKUP(M18,Flts!$I$14:$I$349,Flts!$D$14:$D$349),0) -> 0 | N20: =IFERROR(_xlfn.XLOOKUP(N18,Flts!$I$14:$I$349,Flts!$D$14:$D$349),0) -> 0 | O20: =IFERROR(_xlfn.XLOOKUP(O18,Flts!$I$14:$I$349,Flts!$D$14:$D$349),0) -> 0 | P20: =IFERROR(_xlfn.XLOOKUP(P18,Flts!$I$14:$I$349,Flts!$D$14:$D$349),0) -> 0 | Q20: =IFERROR(_xlfn.XLOOKUP(Q18,Flts!$I$14:$I$349,Flts!$D$14:$D$349),0) -> 0 | R20: =IFERROR(_xlfn.XLOOKUP(R18,Flts!$I$14:$I$349,Flts!$D$14:$D$349),0) -> 0
C21: =IFERROR(_xlfn.XLOOKUP(C18,Flts!$I$14:$I$349,Flts!$E$14:$E$349),0) -> UD01 | D21: =IFERROR(_xlfn.XLOOKUP(D18,Flts!$I$14:$I$349,Flts!$E$14:$E$349),0) -> UD01 | E21: =IFERROR(_xlfn.XLOOKUP(E18,Flts!$I$14:$I$349,Flts!$E$14:$E$349),0) -> UD01 | F21: =IFERROR(_xlfn.XLOOKUP(F18,Flts!$I$14:$I$349,Flts!$E$14:$E$349),0) -> UD01 | G21: =IFERROR(_xlfn.XLOOKUP(G18,Flts!$I$14:$I$349,Flts!$E$14:$E$349),0) -> UD01 | L21: =IFERROR(_xlfn.XLOOKUP(L18,Flts!$I$14:$I$349,Flts!$E$14:$E$349),0) -> UD01 | M21: =IFERROR(_xlfn.XLOOKUP(M18,Flts!$I$14:$I$349,Flts!$E$14:$E$349),0) -> UD01 | N21: =IFERROR(_xlfn.XLOOKUP(N18,Flts!$I$14:$I$349,Flts!$E$14:$E$349),0) -> UD01 | O21: =IFERROR(_xlfn.XLOOKUP(O18,Flts!$I$14:$I$349,Flts!$E$14:$E$349),0) -> UD01 | P21: =IFERROR(_xlfn.XLOOKUP(P18,Flts!$I$14:$I$349,Flts!$E$14:$E$349),0) -> UD01
B22: =IF(C22<>0,B18+1,0) -> 40 | C22: =IF(MONTH(C14+14)=MONTH(C14), C14+14, 0) -> 45929 | D22: =IF(MONTH(D14+14)=MONTH(D14), D14+14, 0) -> 45930 | E22: =IF(MONTH(E14+14)=MONTH(E14), E14+14, 0) -> 0 | F22: =IF(MONTH(F14+14)=MONTH(F14), F14+14, 0) -> 0 | G22: =IF(MONTH(G14+14)=MONTH(G14), G14+14, 0) -> 0 | H22: =IF(MONTH(H14+14)=MONTH(H14), H14+14, 0) -> 0 | I22: =IF(MONTH(I14+14)=MONTH(I14), I14+14, 0) -> 0 | K22: =IF(L22<>0,K18+1,0) -> 44 | L22: =IF(MONTH(L14+14)=MONTH(L14), L14+14, 0) -> 45957 | M22: =IF(MONTH(M14+14)=MONTH(M14), M14+14, 0) -> 45958 | N22: =IF(MONTH(N14+14)=MONTH(N14), N14+14, 0) -> 45959 | O22: =IF(MONTH(O14+14)=MONTH(O14), O14+14, 0) -> 45960 | P22: =IF(MONTH(P14+14)=MONTH(P14), P14+14, 0) -> 45961 | Q22: =IF(MONTH(Q14+14)=MONTH(Q14), Q14+14, 0) -> 0 | R22: =IF(MONTH(R14+14)=MONTH(R14), R14+14, 0) -> 0
C23: =IFERROR(_xlfn.XLOOKUP(C22,Flts!$I$14:$I$349,Flts!$C$14:$C$349),0) -> 0 | D23: =IFERROR(_xlfn.XLOOKUP(D22,Flts!$I$14:$I$349,Flts!$C$14:$C$349),0) -> 0 | E23: =IFERROR(_xlfn.XLOOKUP(E22,Flts!$I$14:$I$349,Flts!$C$14:$C$349),0) -> 0 | F23: =IFERROR(_xlfn.XLOOKUP(F22,Flts!$I$14:$I$349,Flts!$C$14:$C$349),0) -> 0 | G23: =IFERROR(_xlfn.XLOOKUP(G22,Flts!$I$14:$I$349,Flts!$C$14:$C$349),0) -> 0 | H23: =IFERROR(_xlfn.XLOOKUP(H22,Flts!$I$14:$I$349,Flts!$C$14:$C$349),0) -> 0 | I23: =IFERROR(_xlfn.XLOOKUP(I22,Flts!$I$14:$I$349,Flts!$C$14:$C$349),0) -> 0 | L23: =IFERROR(_xlfn.XLOOKUP(L22,Flts!$I$14:$I$349,Flts!$C$14:$C$349),0) -> 0 | M23: =IFERROR(_xlfn.XLOOKUP(M22,Flts!$I$14:$I$349,Flts!$C$14:$C$349),0) -> 0 | N23: =IFERROR(_xlfn.XLOOKUP(N22,Flts!$I$14:$I$349,Flts!$C$14:$C$349),0) -> 0 | O23: =IFERROR(_xlfn.XLOOKUP(O22,Flts!$I$14:$I$349,Flts!$C$14:$C$349),0) -> 0 | P23: =IFERROR(_xlfn.XLOOKUP(P22,Flts!$I$14:$I$349,Flts!$C$14:$C$349),0) -> 0 | Q23: =IFERROR(_xlfn.XLOOKUP(Q22,Flts!$I$14:$I$349,Flts!$C$14:$C$349),0) -> 0 | R23: =IFERROR(_xlfn.XLOOKUP(R22,Flts!$I$14:$I$349,Flts!$C$14:$C$349),0) -> 0
C24: =IFERROR(_xlfn.XLOOKUP(C22,Flts!$I$14:$I$349,Flts!$D$14:$D$349),0) -> 0 | D24: =IFERROR(_xlfn.XLOOKUP(D22,Flts!$I$14:$I$349,Flts!$D$14:$D$349),0) -> 0 | E24: =IFERROR(_xlfn.XLOOKUP(E22,Flts!$I$14:$I$349,Flts!$D$14:$D$349),0) -> 0 | F24: =IFERROR(_xlfn.XLOOKUP(F22,Flts!$I$14:$I$349,Flts!$D$14:$D$349),0) -> 0 | G24: =IFERROR(_xlfn.XLOOKUP(G22,Flts!$I$14:$I$349,Flts!$D$14:$D$349),0) -> 0 | H24: =IFERROR(_xlfn.XLOOKUP(H22,Flts!$I$14:$I$349,Flts!$D$14:$D$349),0) -> 0 | I24: =IFERROR(_xlfn.XLOOKUP(I22,Flts!$I$14:$I$349,Flts!$D$14:$D$349),0) -> 0 | L24: =IFERROR(_xlfn.XLOOKUP(L22,Flts!$I$14:$I$349,Flts!$D$14:$D$349),0) -> 0 | M24: =IFERROR(_xlfn.XLOOKUP(M22,Flts!$I$14:$I$349,Flts!$D$14:$D$349),0) -> 0 | N24: =IFERROR(_xlfn.XLOOKUP(N22,Flts!$I$14:$I$349,Flts!$D$14:$D$349),0) -> 0 | O24: =IFERROR(_xlfn.XLOOKUP(O22,Flts!$I$14:$I$349,Flts!$D$14:$D$349),0) -> 0 | P24: =IFERROR(_xlfn.XLOOKUP(P22,Flts!$I$14:$I$349,Flts!$D$14:$D$349),0) -> 0 | Q24: =IFERROR(_xlfn.XLOOKUP(Q22,Flts!$I$14:$I$349,Flts!$D$14:$D$349),0) -> 0 | R24: =IFERROR(_xlfn.XLOOKUP(R22,Flts!$I$14:$I$349,Flts!$D$14:$D$349),0) -> 0
C25: =IFERROR(_xlfn.XLOOKUP(C22,Flts!$I$14:$I$349,Flts!$E$14:$E$349),0) -> UD01 | D25: =IFERROR(_xlfn.XLOOKUP(D22,Flts!$I$14:$I$349,Flts!$E$14:$E$349),0) -> UD01 | E25: =IFERROR(_xlfn.XLOOKUP(E22,Flts!$I$14:$I$349,Flts!$E$14:$E$349),0) -> 0 | F25: =IFERROR(_xlfn.XLOOKUP(F22,Flts!$I$14:$I$349,Flts!$E$14:$E$349),0) -> 0 | G25: =IFERROR(_xlfn.XLOOKUP(G22,Flts!$I$14:$I$349,Flts!$E$14:$E$349),0) -> 0 | L25: =IFERROR(_xlfn.XLOOKUP(L22,Flts!$I$14:$I$349,Flts!$E$14:$E$349),0) -> UD01 | M25: =IFERROR(_xlfn.XLOOKUP(M22,Flts!$I$14:$I$349,Flts!$E$14:$E$349),0) -> UD01 | N25: =IFERROR(_xlfn.XLOOKUP(N22,Flts!$I$14:$I$349,Flts!$E$14:$E$349),0) -> UD01 | O25: =IFERROR(_xlfn.XLOOKUP(O22,Flts!$I$14:$I$349,Flts!$E$14:$E$349),0) -> UD01 | P25: =IFERROR(_xlfn.XLOOKUP(P22,Flts!$I$14:$I$349,Flts!$E$14:$E$349),0) -> UD01
B26: =IF(C26<>0,B22+1,0) -> 0 | C26: =IF(MONTH(C18+14)=MONTH(C18), C18+14, 0) -> 0 | D26: =IF(MONTH(D18+14)=MONTH(D18), D18+14, 0) -> 0 | E26: =IF(MONTH(E18+14)=MONTH(E18), E18+14, 0) -> 0 | F26: =IF(MONTH(F18+14)=MONTH(F18), F18+14, 0) -> 0 | G26: =IF(MONTH(G18+14)=MONTH(G18), G18+14, 0) -> 0 | H26: =IF(MONTH(H18+14)=MONTH(H18), H18+14, 0) -> 0 | I26: =IF(MONTH(I18+14)=MONTH(I18), I18+14, 0) -> 0 | K26: =IF(L26<>0,K22+1,0) -> 0 | L26: =IF(MONTH(L18+14)=MONTH(L18), L18+14, 0) -> 0 | M26: =IF(MONTH(M18+14)=MONTH(M18), M18+14, 0) -> 0 | N26: =IF(MONTH(N18+14)=MONTH(N18), N18+14, 0) -> 0 | O26: =IF(MONTH(O18+14)=MONTH(O18), O18+14, 0) -> 0 | P26: =IF(MONTH(P18+14)=MONTH(P18), P18+14, 0) -> 0 | Q26: =IF(MONTH(Q18+14)=MONTH(Q18), Q18+14, 0) -> 0 | R26: =IF(MONTH(R18+14)=MONTH(R18), R18+14, 0) -> 0
C27: =IFERROR(_xlfn.XLOOKUP(C26,Flts!$I$14:$I$349,Flts!$C$14:$C$349),0) -> 0 | D27: =IFERROR(_xlfn.XLOOKUP(D26,Flts!$I$14:$I$349,Flts!$C$14:$C$349),0) -> 0 | E27: =IFERROR(_xlfn.XLOOKUP(E26,Flts!$I$14:$I$349,Flts!$C$14:$C$349),0) -> 0 | F27: =IFERROR(_xlfn.XLOOKUP(F26,Flts!$I$14:$I$349,Flts!$C$14:$C$349),0) -> 0 | G27: =IFERROR(_xlfn.XLOOKUP(G26,Flts!$I$14:$I$349,Flts!$C$14:$C$349),0) -> 0 | H27: =IFERROR(_xlfn.XLOOKUP(H26,Flts!$I$14:$I$349,Flts!$C$14:$C$349),0) -> 0 | I27: =IFERROR(_xlfn.XLOOKUP(I26,Flts!$I$14:$I$349,Flts!$C$14:$C$349),0) -> 0 | L27: =IFERROR(_xlfn.XLOOKUP(L26,Flts!$I$14:$I$349,Flts!$C$14:$C$349),0) -> 0 | M27: =IFERROR(_xlfn.XLOOKUP(M26,Flts!$I$14:$I$349,Flts!$C$14:$C$349),0) -> 0 | N27: =IFERROR(_xlfn.XLOOKUP(N26,Flts!$I$14:$I$349,Flts!$C$14:$C$349),0) -> 0 | O27: =IFERROR(_xlfn.XLOOKUP(O26,Flts!$I$14:$I$349,Flts!$C$14:$C$349),0) -> 0 | P27: =IFERROR(_xlfn.XLOOKUP(P26,Flts!$I$14:$I$349,Flts!$C$14:$C$349),0) -> 0 | Q27: =IFERROR(_xlfn.XLOOKUP(Q26,Flts!$I$14:$I$349,Flts!$C$14:$C$349),0) -> 0 | R27: =IFERROR(_xlfn.XLOOKUP(R26,Flts!$I$14:$I$349,Flts!$C$14:$C$349),0) -> 0
C28: =IFERROR(_xlfn.XLOOKUP(C26,Flts!$I$14:$I$349,Flts!$D$14:$D$349),0) -> 0 | D28: =IFERROR(_xlfn.XLOOKUP(D26,Flts!$I$14:$I$349,Flts!$D$14:$D$349),0) -> 0 | E28: =IFERROR(_xlfn.XLOOKUP(E26,Flts!$I$14:$I$349,Flts!$D$14:$D$349),0) -> 0 | F28: =IFERROR(_xlfn.XLOOKUP(F26,Flts!$I$14:$I$349,Flts!$D$14:$D$349),0) -> 0 | G28: =IFERROR(_xlfn.XLOOKUP(G26,Flts!$I$14:$I$349,Flts!$D$14:$D$349),0) -> 0 | H28: =IFERROR(_xlfn.XLOOKUP(H26,Flts!$I$14:$I$349,Flts!$D$14:$D$349),0) -> 0 | I28: =IFERROR(_xlfn.XLOOKUP(I26,Flts!$I$14:$I$349,Flts!$D$14:$D$349),0) -> 0 | L28: =IFERROR(_xlfn.XLOOKUP(L26,Flts!$I$14:$I$349,Flts!$D$14:$D$349),0) -> 0 | M28: =IFERROR(_xlfn.XLOOKUP(M26,Flts!$I$14:$I$349,Flts!$D$14:$D$349),0) -> 0 | N28: =IFERROR(_xlfn.XLOOKUP(N26,Flts!$I$14:$I$349,Flts!$D$14:$D$349),0) -> 0 | O28: =IFERROR(_xlfn.XLOOKUP(O26,Flts!$I$14:$I$349,Flts!$D$14:$D$349),0) -> 0 | P28: =IFERROR(_xlfn.XLOOKUP(P26,Flts!$I$14:$I$349,Flts!$D$14:$D$349),0) -> 0 | Q28: =IFERROR(_xlfn.XLOOKUP(Q26,Flts!$I$14:$I$349,Flts!$D$14:$D$349),0) -> 0 | R28: =IFERROR(_xlfn.XLOOKUP(R26,Flts!$I$14:$I$349,Flts!$D$14:$D$349),0) -> 0
C29: =IFERROR(_xlfn.XLOOKUP(C26,Flts!$I$14:$I$349,Flts!$E$14:$E$349),0) -> 0 | D29: =IFERROR(_xlfn.XLOOKUP(D26,Flts!$I$14:$I$349,Flts!$E$14:$E$349),0) -> 0 | E29: =IFERROR(_xlfn.XLOOKUP(E26,Flts!$I$14:$I$349,Flts!$E$14:$E$349),0) -> 0 | F29: =IFERROR(_xlfn.XLOOKUP(F26,Flts!$I$14:$I$349,Flts!$E$14:$E$349),0) -> 0 | G29: =IFERROR(_xlfn.XLOOKUP(G26,Flts!$I$14:$I$349,Flts!$E$14:$E$349),0) -> 0 | L29: =IFERROR(_xlfn.XLOOKUP(L26,Flts!$I$14:$I$349,Flts!$E$14:$E$349),0) -> 0 | M29: =IFERROR(_xlfn.XLOOKUP(M26,Flts!$I$14:$I$349,Flts!$E$14:$E$349),0) -> 0 | N29: =IFERROR(_xlfn.XLOOKUP(N26,Flts!$I$14:$I$349,Flts!$E$14:$E$349),0) -> 0 | O29: =IFERROR(_xlfn.XLOOKUP(O26,Flts!$I$14:$I$349,Flts!$E$14:$E$349),0) -> 0 | P29: =IFERROR(_xlfn.XLOOKUP(P26,Flts!$I$14:$I$349,Flts!$E$14:$E$349),0) -> 0
B31: =IModulo&" ("&IProfesor&")" -> FPM-it-1-0237 Infra. comunes de teleco en viviendas y edificios (Rafa Sanz)
B33: 11 | C33: =DATE(YEAR(FechaInicio1Tri),B33,1) -> 45962 | I33: =YEAR(FechaInicio1Tri) -> 2025 | K33: 12 | L33: =DATE(YEAR(FechaInicio1Tri),K33,1) -> 45992 | R33: =YEAR(FechaInicio1Tri) -> 2025
B34: S | C34: Lun | D34: Mar | E34: Mié | F34: Jue | G34: Vie | H34: Sáb | I34: Dom | K34: S | L34: Lun | M34: Mar | N34: Mié | O34: Jue | P34: Vie | Q34: Sáb | R34: Dom
B35: =_xlfn.ISOWEEKNUM(C33) -> 44 | C35: =IF(WEEKDAY(C33,2)=1,C33,0) -> 0 | D35: =IF(WEEKDAY(C33,2)=2, C33, IF(WEEKDAY(C33,2)<2, C35+1,0)) -> 0 | E35: =IF(WEEKDAY(C33,2)=3, C33, IF(WEEKDAY(C33,2)<3, D35+1,0)) -> 0 | F35: =IF(WEEKDAY(C33,2)=4, C33, IF(WEEKDAY(C33,2)<4, E35+1,0)) -> 0 | G35: =IF(WEEKDAY(C33,2)=5, C33, IF(WEEKDAY(C33,2)<5, F35+1,0)) -> 0 | H35: =IF(WEEKDAY(C33,2)=6, C33, IF(WEEKDAY(C33,2)<6, G35+1,0)) -> 45962 | I35: =IF(WEEKDAY(C33,2)=7, C33, IF(WEEKDAY(C33,2)<7, H35+1,0)) -> 45963 | K35: =_xlfn.ISOWEEKNUM(L33) -> 49 | L35: =IF(WEEKDAY(L33,2)=1,L33,0) -> 45992 | M35: =IF(WEEKDAY(L33,2)=2, L33, IF(WEEKDAY(L33,2)<2, L35+1,0)) -> 45993 | N35: =IF(WEEKDAY(L33,2)=3, L33, IF(WEEKDAY(L33,2)<3, M35+1,0)) -> 45994 | O35: =IF(WEEKDAY(L33,2)=4, L33, IF(WEEKDAY(L33,2)<4, N35+1,0)) -> 45995 | P35: =IF(WEEKDAY(L33,2)=5, L33, IF(WEEKDAY(L33,2)<5, O35+1,0)) -> 45996 | Q35: =IF(WEEKDAY(L33,2)=6, L33, IF(WEEKDAY(L33,2)<6, P35+1,0)) -> 45997 | R35: =IF(WEEKDAY(L33,2)=7, L33, IF(WEEKDAY(L33,2)<7, Q35+1,0)) -> 45998
C36: =IFERROR(_xlfn.XLOOKUP(C35,Flts!$I$14:$I$349,Flts!$C$14:$C$349),0) -> 0 | D36: =IFERROR(_xlfn.XLOOKUP(D35,Flts!$I$14:$I$349,Flts!$C$14:$C$349),0) -> 0 | E36: =IFERROR(_xlfn.XLOOKUP(E35,Flts!$I$14:$I$349,Flts!$C$14:$C$349),0) -> 0 | F36: =IFERROR(_xlfn.XLOOKUP(F35,Flts!$I$14:$I$349,Flts!$C$14:$C$349),0) -> 0 | G36: =IFERROR(_xlfn.XLOOKUP(G35,Flts!$I$14:$I$349,Flts!$C$14:$C$349),0) -> 0 | H36: =IFERROR(_xlfn.XLOOKUP(H35,Flts!$I$14:$I$349,Flts!$C$14:$C$349),0) -> 0 | I36: =IFERROR(_xlfn.XLOOKUP(I35,Flts!$I$14:$I$349,Flts!$C$14:$C$349),0) -> 0 | L36: =IFERROR(_xlfn.XLOOKUP(L35,Flts!$I$14:$I$349,Flts!$C$14:$C$349),0) -> 0 | M36: =IFERROR(_xlfn.XLOOKUP(M35,Flts!$I$14:$I$349,Flts!$C$14:$C$349),0) -> 0 | N36: =IFERROR(_xlfn.XLOOKUP(N35,Flts!$I$14:$I$349,Flts!$C$14:$C$349),0) -> 0 | O36: =IFERROR(_xlfn.XLOOKUP(O35,Flts!$I$14:$I$349,Flts!$C$14:$C$349),0) -> 0 | P36: =IFERROR(_xlfn.XLOOKUP(P35,Flts!$I$14:$I$349,Flts!$C$14:$C$349),0) -> 0 | Q36: =IFERROR(_xlfn.XLOOKUP(Q35,Flts!$I$14:$I$349,Flts!$C$14:$C$349),0) -> 0 | R36: =IFERROR(_xlfn.XLOOKUP(R35,Flts!$I$14:$I$349,Flts!$C$14:$C$349),0) -> 0
C37: =IFERROR(_xlfn.XLOOKUP(C35,Flts!$I$14:$I$349,Flts!$D$14:$D$349),0) -> 0 | D37: =IFERROR(_xlfn.XLOOKUP(D35,Flts!$I$14:$I$349,Flts!$D$14:$D$349),0) -> 0 | E37: =IFERROR(_xlfn.XLOOKUP(E35,Flts!$I$14:$I$349,Flts!$D$14:$D$349),0) -> 0 | F37: =IFERROR(_xlfn.XLOOKUP(F35,Flts!$I$14:$I$349,Flts!$D$14:$D$349),0) -> 0 | G37: =IFERROR(_xlfn.XLOOKUP(G35,Flts!$I$14:$I$349,Flts!$D$14:$D$349),0) -> 0 | H37: =IFERROR(_xlfn.XLOOKUP(H35,Flts!$I$14:$I$349,Flts!$D$14:$D$349),0) -> 0 | I37: =IFERROR(_xlfn.XLOOKUP(I35,Flts!$I$14:$I$349,Flts!$D$14:$D$349),0) -> 0 | L37: =IFERROR(_xlfn.XLOOKUP(L35,Flts!$I$14:$I$349,Flts!$D$14:$D$349),0) -> 0 | M37: =IFERROR(_xlfn.XLOOKUP(M35,Flts!$I$14:$I$349,Flts!$D$14:$D$349),0) -> 0 | N37: =IFERROR(_xlfn.XLOOKUP(N35,Flts!$I$14:$I$349,Flts!$D$14:$D$349),0) -> 2ºGx-Junta 1ªEv. | O37: =IFERROR(_xlfn.XLOOKUP(O35,Flts!$I$14:$I$349,Flts!$D$14:$D$349),0) -> 0 | P37: =IFERROR(_xlfn.XLOOKUP(P35,Flts!$I$14:$I$349,Flts!$D$14:$D$349),0) -> 2ºGx-Boletín 1ªEv. | Q37: =IFERROR(_xlfn.XLOOKUP(Q35,Flts!$I$14:$I$349,Flts!$D$14:$D$349),0) -> 0 | R37: =IFERROR(_xlfn.XLOOKUP(R35,Flts!$I$14:$I$349,Flts!$D$14:$D$349),0) -> 0
C38: =IFERROR(_xlfn.XLOOKUP(C35,Flts!$I$14:$I$349,Flts!$E$14:$E$349),0) -> 0 | D38: =IFERROR(_xlfn.XLOOKUP(D35,Flts!$I$14:$I$349,Flts!$E$14:$E$349),0) -> 0 | E38: =IFERROR(_xlfn.XLOOKUP(E35,Flts!$I$14:$I$349,Flts!$E$14:$E$349),0) -> 0 | F38: =IFERROR(_xlfn.XLOOKUP(F35,Flts!$I$14:$I$349,Flts!$E$14:$E$349),0) -> 0 | G38: =IFERROR(_xlfn.XLOOKUP(G35,Flts!$I$14:$I$349,Flts!$E$14:$E$349),0) -> 0 | L38: =IFERROR(_xlfn.XLOOKUP(L35,Flts!$I$14:$I$349,Flts!$E$14:$E$349),0) -> UD02 | M38: =IFERROR(_xlfn.XLOOKUP(M35,Flts!$I$14:$I$349,Flts!$E$14:$E$349),0) -> UD02 | N38: =IFERROR(_xlfn.XLOOKUP(N35,Flts!$I$14:$I$349,Flts!$E$14:$E$349),0) -> UD02 | O38: =IFERROR(_xlfn.XLOOKUP(O35,Flts!$I$14:$I$349,Flts!$E$14:$E$349),0) -> UD02 | P38: =IFERROR(_xlfn.XLOOKUP(P35,Flts!$I$14:$I$349,Flts!$E$14:$E$349),0) -> UD02
B39: =_xlfn.ISOWEEKNUM(C39) -> 45 | C39: =I35+1 -> 45964 | D39: =C39+1 -> 45965 | E39: =D39+1 -> 45966 | F39: =E39+1 -> 45967 | G39: =F39+1 -> 45968 | H39: =G39+1 -> 45969 | I39: =H39+1 -> 45970 | K39: =_xlfn.ISOWEEKNUM(L39) -> 50 | L39: =R35+1 -> 45999 | M39: =L39+1 -> 46000 | N39: =M39+1 -> 46001 | O39: =N39+1 -> 46002 | P39: =O39+1 -> 46003 | Q39: =P39+1 -> 46004 | R39: =Q39+1 -> 46005
C40: =IFERROR(_xlfn.XLOOKUP(C39,Flts!$I$14:$I$349,Flts!$C$14:$C$349),0) -> TodosSantos | D40: =IFERROR(_xlfn.XLOOKUP(D39,Flts!$I$14:$I$349,Flts!$C$14:$C$349),0) -> 0 | E40: =IFERROR(_xlfn.XLOOKUP(E39,Flts!$I$14:$I$349,Flts!$C$14:$C$349),0) -> 0 | F40: =IFERROR(_xlfn.XLOOKUP(F39,Flts!$I$14:$I$349,Flts!$C$14:$C$349),0) -> 0 | G40: =IFERROR(_xlfn.XLOOKUP(G39,Flts!$I$14:$I$349,Flts!$C$14:$C$349),0) -> 0 | H40: =IFERROR(_xlfn.XLOOKUP(H39,Flts!$I$14:$I$349,Flts!$C$14:$C$349),0) -> 0 | I40: =IFERROR(_xlfn.XLOOKUP(I39,Flts!$I$14:$I$349,Flts!$C$14:$C$349),0) -> 0 | L40: =IFERROR(_xlfn.XLOOKUP(L39,Flts!$I$14:$I$349,Flts!$C$14:$C$349),0) -> Constitución | M40: =IFERROR(_xlfn.XLOOKUP(M39,Flts!$I$14:$I$349,Flts!$C$14:$C$349),0) -> 0 | N40: =IFERROR(_xlfn.XLOOKUP(N39,Flts!$I$14:$I$349,Flts!$C$14:$C$349),0) -> 0 | O40: =IFERROR(_xlfn.XLOOKUP(O39,Flts!$I$14:$I$349,Flts!$C$14:$C$349),0) -> 0 | P40: =IFERROR(_xlfn.XLOOKUP(P39,Flts!$I$14:$I$349,Flts!$C$14:$C$349),0) -> 0 | Q40: =IFERROR(_xlfn.XLOOKUP(Q39,Flts!$I$14:$I$349,Flts!$C$14:$C$349),0) -> 0 | R40: =IFERROR(_xlfn.XLOOKUP(R39,Flts!$I$14:$I$349,Flts!$C$14:$C$349),0) -> 0
C41: =IFERROR(_xlfn.XLOOKUP(C39,Flts!$I$14:$I$349,Flts!$D$14:$D$349),0) -> 0 | D41: =IFERROR(_xlfn.XLOOKUP(D39,Flts!$I$14:$I$349,Flts!$D$14:$D$349),0) -> 0 | E41: =IFERROR(_xlfn.XLOOKUP(E39,Flts!$I$14:$I$349,Flts!$D$14:$D$349),0) -> 0 | F41: =IFERROR(_xlfn.XLOOKUP(F39,Flts!$I$14:$I$349,Flts!$D$14:$D$349),0) -> 0 | G41: =IFERROR(_xlfn.XLOOKUP(G39,Flts!$I$14:$I$349,Flts!$D$14:$D$349),0) -> 0 | H41: =IFERROR(_xlfn.XLOOKUP(H39,Flts!$I$14:$I$349,Flts!$D$14:$D$349),0) -> 0 | I41: =IFERROR(_xlfn.XLOOKUP(I39,Flts!$I$14:$I$349,Flts!$D$14:$D$349),0) -> 0 | L41: =IFERROR(_xlfn.XLOOKUP(L39,Flts!$I$14:$I$349,Flts!$D$14:$D$349),0) -> 0 | M41: =IFERROR(_xlfn.XLOOKUP(M39,Flts!$I$14:$I$349,Flts!$D$14:$D$349),0) -> 2ºGS-S.Pry. ExOrd | N41: =IFERROR(_xlfn.XLOOKUP(N39,Flts!$I$14:$I$349,Flts!$D$14:$D$349),0) -> 2ºGS-S.Pry. ExOrd | O41: =IFERROR(_xlfn.XLOOKUP(O39,Flts!$I$14:$I$349,Flts!$D$14:$D$349),0) -> 2ºGS-S.Pry. ExOrd | P41: =IFERROR(_xlfn.XLOOKUP(P39,Flts!$I$14:$I$349,Flts!$D$14:$D$349),0) -> 2ºGS-S.Pry. ExOrd | Q41: =IFERROR(_xlfn.XLOOKUP(Q39,Flts!$I$14:$I$349,Flts!$D$14:$D$349),0) -> 0 | R41: =IFERROR(_xlfn.XLOOKUP(R39,Flts!$I$14:$I$349,Flts!$D$14:$D$349),0) -> 0
C42: =IFERROR(_xlfn.XLOOKUP(C39,Flts!$I$14:$I$349,Flts!$E$14:$E$349),0) -> 0 | D42: =IFERROR(_xlfn.XLOOKUP(D39,Flts!$I$14:$I$349,Flts!$E$14:$E$349),0) -> UD01 | E42: =IFERROR(_xlfn.XLOOKUP(E39,Flts!$I$14:$I$349,Flts!$E$14:$E$349),0) -> UD01 | F42: =IFERROR(_xlfn.XLOOKUP(F39,Flts!$I$14:$I$349,Flts!$E$14:$E$349),0) -> UD02 | G42: =IFERROR(_xlfn.XLOOKUP(G39,Flts!$I$14:$I$349,Flts!$E$14:$E$349),0) -> UD02 | L42: =IFERROR(_xlfn.XLOOKUP(L39,Flts!$I$14:$I$349,Flts!$E$14:$E$349),0) -> 0 | M42: =IFERROR(_xlfn.XLOOKUP(M39,Flts!$I$14:$I$349,Flts!$E$14:$E$349),0) -> UD02 | N42: =IFERROR(_xlfn.XLOOKUP(N39,Flts!$I$14:$I$349,Flts!$E$14:$E$349),0) -> UD02 | O42: =IFERROR(_xlfn.XLOOKUP(O39,Flts!$I$14:$I$349,Flts!$E$14:$E$349),0) -> UD02 | P42: =IFERROR(_xlfn.XLOOKUP(P39,Flts!$I$14:$I$349,Flts!$E$14:$E$349),0) -> UD02
B43: =B39+1 -> 46 | C43: =I39+1 -> 45971 | D43: =C43+1 -> 45972 | E43: =D43+1 -> 45973 | F43: =E43+1 -> 45974 | G43: =F43+1 -> 45975 | H43: =G43+1 -> 45976 | I43: =H43+1 -> 45977 | K43: =K39+1 -> 51 | L43: =R39+1 -> 46006 | M43: =L43+1 -> 46007 | N43: =M43+1 -> 46008 | O43: =N43+1 -> 46009 | P43: =O43+1 -> 46010 | Q43: =P43+1 -> 46011 | R43: =Q43+1 -> 46012
C44: =IFERROR(_xlfn.XLOOKUP(C43,Flts!$I$14:$I$349,Flts!$C$14:$C$349),0) -> 0 | D44: =IFERROR(_xlfn.XLOOKUP(D43,Flts!$I$14:$I$349,Flts!$C$14:$C$349),0) -> 0 | E44: =IFERROR(_xlfn.XLOOKUP(E43,Flts!$I$14:$I$349,Flts!$C$14:$C$349),0) -> 0 | F44: =IFERROR(_xlfn.XLOOKUP(F43,Flts!$I$14:$I$349,Flts!$C$14:$C$349),0) -> 0 | G44: =IFERROR(_xlfn.XLOOKUP(G43,Flts!$I$14:$I$349,Flts!$C$14:$C$349),0) -> 0 | H44: =IFERROR(_xlfn.XLOOKUP(H43,Flts!$I$14:$I$349,Flts!$C$14:$C$349),0) -> 0 | I44: =IFERROR(_xlfn.XLOOKUP(I43,Flts!$I$14:$I$349,Flts!$C$14:$C$349),0) -> 0 | L44: =IFERROR(_xlfn.XLOOKUP(L43,Flts!$I$14:$I$349,Flts!$C$14:$C$349),0) -> 0 | M44: =IFERROR(_xlfn.XLOOKUP(M43,Flts!$I$14:$I$349,Flts!$C$14:$C$349),0) -> 0 | N44: =IFERROR(_xlfn.XLOOKUP(N43,Flts!$I$14:$I$349,Flts!$C$14:$C$349 ),"") -> 0 | O44: =IFERROR(_xlfn.XLOOKUP(O43,Flts!$I$14:$I$349,Flts!$C$14:$C$349),0) -> 0 | P44: =IFERROR(_xlfn.XLOOKUP(P43,Flts!$I$14:$I$349,Flts!$C$14:$C$349),0) -> 0 | Q44: =IFERROR(_xlfn.XLOOKUP(Q43,Flts!$I$14:$I$349,Flts!$C$14:$C$349),0) -> 0 | R44: =IFERROR(_xlfn.XLOOKUP(R43,Flts!$I$14:$I$349,Flts!$C$14:$C$349),0) -> 0
C45: =IFERROR(_xlfn.XLOOKUP(C43,Flts!$I$14:$I$349,Flts!$D$14:$D$349),0) -> 0 | D45: =IFERROR(_xlfn.XLOOKUP(D43,Flts!$I$14:$I$349,Flts!$D$14:$D$349),0) -> 0 | E45: =IFERROR(_xlfn.XLOOKUP(E43,Flts!$I$14:$I$349,Flts!$D$14:$D$349),0) -> 0 | F45: =IFERROR(_xlfn.XLOOKUP(F43,Flts!$I$14:$I$349,Flts!$D$14:$D$349),0) -> 0 | G45: =IFERROR(_xlfn.XLOOKUP(G43,Flts!$I$14:$I$349,Flts!$D$14:$D$349),0) -> 0 | H45: =IFERROR(_xlfn.XLOOKUP(H43,Flts!$I$14:$I$349,Flts!$D$14:$D$349),0) -> 0 | I45: =IFERROR(_xlfn.XLOOKUP(I43,Flts!$I$14:$I$349,Flts!$D$14:$D$349),0) -> 0 | L45: =IFERROR(_xlfn.XLOOKUP(L43,Flts!$I$14:$I$349,Flts!$D$14:$D$349),0) -> 2ºGS-Ev.FCT-PRY | M45: =IFERROR(_xlfn.XLOOKUP(M43,Flts!$I$14:$I$349,Flts!$D$14:$D$349),0) -> 2ºGS-Boletines FCT | N45: =IFERROR(_xlfn.XLOOKUP(N43,Flts!$I$14:$I$349,Flts!$D$14:$D$349),0) -> 2ºGx-Reclama+1d | O45: =IFERROR(_xlfn.XLOOKUP(O43,Flts!$I$14:$I$349,Flts!$D$14:$D$349),0) -> 0 | P45: =IFERROR(_xlfn.XLOOKUP(P43,Flts!$I$14:$I$349,Flts!$D$14:$D$349),0) -> 0 | Q45: =IFERROR(_xlfn.XLOOKUP(Q43,Flts!$I$14:$I$349,Flts!$D$14:$D$349),0) -> 0 | R45: =IFERROR(_xlfn.XLOOKUP(R43,Flts!$I$14:$I$349,Flts!$D$14:$D$349),0) -> 0
C46: =IFERROR(_xlfn.XLOOKUP(C43,Flts!$I$14:$I$349,Flts!$E$14:$E$349),0) -> UD02 | D46: =IFERROR(_xlfn.XLOOKUP(D43,Flts!$I$14:$I$349,Flts!$E$14:$E$349),0) -> UD02 | E46: =IFERROR(_xlfn.XLOOKUP(E43,Flts!$I$14:$I$349,Flts!$E$14:$E$349),0) -> UD02 | F46: =IFERROR(_xlfn.XLOOKUP(F43,Flts!$I$14:$I$349,Flts!$E$14:$E$349),0) -> UD02 | G46: =IFERROR(_xlfn.XLOOKUP(G43,Flts!$I$14:$I$349,Flts!$E$14:$E$349),0) -> UD02 | L46: =IFERROR(_xlfn.XLOOKUP(L43,Flts!$I$14:$I$349,Flts!$E$14:$E$349),0) -> UD02 | M46: =IFERROR(_xlfn.XLOOKUP(M43,Flts!$I$14:$I$349,Flts!$E$14:$E$349),0) -> UD02 | N46: =IFERROR(_xlfn.XLOOKUP(N43,Flts!$I$14:$I$349,Flts!$E$14:$E$349),0) -> UD02 | O46: =IFERROR(_xlfn.XLOOKUP(O43,Flts!$I$14:$I$349,Flts!$E$14:$E$349),0) -> UD02 | P46: =IFERROR(_xlfn.XLOOKUP(P43,Flts!$I$14:$I$349,Flts!$E$14:$E$349),0) -> UD02
B47: =B43+1 -> 47 | C47: =I43+1 -> 45978 | D47: =C47+1 -> 45979 | E47: =D47+1 -> 45980 | F47: =E47+1 -> 45981 | G47: =F47+1 -> 45982 | H47: =G47+1 -> 45983 | I47: =H47+1 -> 45984 | K47: =K43+1 -> 52 | L47: =R43+1 -> 46013 | M47: =L47+1 -> 46014 | N47: =M47+1 -> 46015 | O47: =N47+1 -> 46016 | P47: =O47+1 -> 46017 | Q47: =P47+1 -> 46018 | R47: =Q47+1 -> 46019
C48: =IFERROR(_xlfn.XLOOKUP(C47,Flts!$I$14:$I$349,Flts!$C$14:$C$349),0) -> 0 | D48: =IFERROR(_xlfn.XLOOKUP(D47,Flts!$I$14:$I$349,Flts!$C$14:$C$349),0) -> 0 | E48: =IFERROR(_xlfn.XLOOKUP(E47,Flts!$I$14:$I$349,Flts!$C$14:$C$349),0) -> 0 | F48: =IFERROR(_xlfn.XLOOKUP(F47,Flts!$I$14:$I$349,Flts!$C$14:$C$349),0) -> 0 | G48: =IFERROR(_xlfn.XLOOKUP(G47,Flts!$I$14:$I$349,Flts!$C$14:$C$349),0) -> 0 | H48: =IFERROR(_xlfn.XLOOKUP(H47,Flts!$I$14:$I$349,Flts!$C$14:$C$349),0) -> 0 | I48: =IFERROR(_xlfn.XLOOKUP(I47,Flts!$I$14:$I$349,Flts!$C$14:$C$349),0) -> 0 | L48: =IFERROR(_xlfn.XLOOKUP(L47,Flts!$I$14:$I$349,Flts!$C$14:$C$349),0) -> Navidad | M48: =IFERROR(_xlfn.XLOOKUP(M47,Flts!$I$14:$I$349,Flts!$C$14:$C$349),0) -> Navidad | N48: =IFERROR(_xlfn.XLOOKUP(N47,Flts!$I$14:$I$349,Flts!$C$14:$C$349),0) -> Navidad | O48: =IFERROR(_xlfn.XLOOKUP(O47,Flts!$I$14:$I$349,Flts!$C$14:$C$349),0) -> Navidad | P48: =IFERROR(_xlfn.XLOOKUP(P47,Flts!$I$14:$I$349,Flts!$C$14:$C$349),0) -> Navidad | Q48: =IFERROR(_xlfn.XLOOKUP(Q47,Flts!$I$14:$I$349,Flts!$C$14:$C$349),0) -> 0 | R48: =IFERROR(_xlfn.XLOOKUP(R47,Flts!$I$14:$I$349,Flts!$C$14:$C$349),0) -> 0
C49: =IFERROR(_xlfn.XLOOKUP(C47,Flts!$I$14:$I$349,Flts!$D$14:$D$349),0) -> 1ºGx-Exam.1ªEv. | D49: =IFERROR(_xlfn.XLOOKUP(D47,Flts!$I$14:$I$349,Flts!$D$14:$D$349),0) -> 0 | E49: =IFERROR(_xlfn.XLOOKUP(E47,Flts!$I$14:$I$349,Flts!$D$14:$D$349),0) -> 0 | F49: =IFERROR(_xlfn.XLOOKUP(F47,Flts!$I$14:$I$349,Flts!$D$14:$D$349),0) -> 0 | G49: =IFERROR(_xlfn.XLOOKUP(G47,Flts!$I$14:$I$349,Flts!$D$14:$D$349),0) -> 0 | H49: =IFERROR(_xlfn.XLOOKUP(H47,Flts!$I$14:$I$349,Flts!$D$14:$D$349),0) -> 0 | I49: =IFERROR(_xlfn.XLOOKUP(I47,Flts!$I$14:$I$349,Flts!$D$14:$D$349),0) -> 0 | L49: =IFERROR(_xlfn.XLOOKUP(L47,Flts!$I$14:$I$349,Flts!$D$14:$D$349),0) -> 0 | M49: =IFERROR(_xlfn.XLOOKUP(M47,Flts!$I$14:$I$349,Flts!$D$14:$D$349),0) -> 0 | N49: =IFERROR(_xlfn.XLOOKUP(N47,Flts!$I$14:$I$349,Flts!$D$14:$D$349),0) -> 0 | O49: =IFERROR(_xlfn.XLOOKUP(O47,Flts!$I$14:$I$349,Flts!$D$14:$D$349),0) -> 0 | P49: =IFERROR(_xlfn.XLOOKUP(P47,Flts!$I$14:$I$349,Flts!$D$14:$D$349),0) -> 0 | Q49: =IFERROR(_xlfn.XLOOKUP(Q47,Flts!$I$14:$I$349,Flts!$D$14:$D$349),0) -> 0 | R49: =IFERROR(_xlfn.XLOOKUP(R47,Flts!$I$14:$I$349,Flts!$D$14:$D$349),0) -> 0
C50: =IFERROR(_xlfn.XLOOKUP(C47,Flts!$I$14:$I$349,Flts!$E$14:$E$349),0) -> UD02 | D50: =IFERROR(_xlfn.XLOOKUP(D47,Flts!$I$14:$I$349,Flts!$E$14:$E$349),0) -> UD02 | E50: =IFERROR(_xlfn.XLOOKUP(E47,Flts!$I$14:$I$349,Flts!$E$14:$E$349),0) -> UD02 | F50: =IFERROR(_xlfn.XLOOKUP(F47,Flts!$I$14:$I$349,Flts!$E$14:$E$349),0) -> UD02 | G50: =IFERROR(_xlfn.XLOOKUP(G47,Flts!$I$14:$I$349,Flts!$E$14:$E$349),0) -> UD02 | L50: =IFERROR(_xlfn.XLOOKUP(L47,Flts!$I$14:$I$349,Flts!$E$14:$E$349),0) -> 0 | M50: =IFERROR(_xlfn.XLOOKUP(M47,Flts!$I$14:$I$349,Flts!$E$14:$E$349),0) -> 0 | N50: =IFERROR(_xlfn.XLOOKUP(N47,Flts!$I$14:$I$349,Flts!$E$14:$E$349),0) -> 0 | O50: =IFERROR(_xlfn.XLOOKUP(O47,Flts!$I$14:$I$349,Flts!$E$14:$E$349),0) -> 0 | P50: =IFERROR(_xlfn.XLOOKUP(P47,Flts!$I$14:$I$349,Flts!$E$14:$E$349),0) -> 0
B51: =IF(C51<>0,B47+1,0) -> 48 | C51: =IF(MONTH(C43+14)=MONTH(C43), C43+14, 0) -> 45985 | D51: =IF(MONTH(D43+14)=MONTH(D43), D43+14, 0) -> 45986 | E51: =IF(MONTH(E43+14)=MONTH(E43), E43+14, 0) -> 45987 | F51: =IF(MONTH(F43+14)=MONTH(F43), F43+14, 0) -> 45988 | G51: =IF(MONTH(G43+14)=MONTH(G43), G43+14, 0) -> 45989 | H51: =IF(MONTH(H43+14)=MONTH(H43), H43+14, 0) -> 45990 | I51: =IF(MONTH(I43+14)=MONTH(I43), I43+14, 0) -> 45991 | K51: =IF(L51<>0,K47+1,0) -> 53 | L51: =IF(MONTH(L43+14)=MONTH(L43), L43+14, 0) -> 46020 | M51: =IF(MONTH(M43+14)=MONTH(M43), M43+14, 0) -> 46021 | N51: =IF(MONTH(N43+14)=MONTH(N43), N43+14, 0) -> 46022 | O51: =IF(MONTH(O43+14)=MONTH(O43), O43+14, 0) -> 0 | P51: =IF(MONTH(P43+14)=MONTH(P43), P43+14, 0) -> 0 | Q51: =IF(MONTH(Q43+14)=MONTH(Q43), Q43+14, 0) -> 0 | R51: =IF(MONTH(R43+14)=MONTH(R43), R43+14, 0) -> 0
C52: =IFERROR(_xlfn.XLOOKUP(C51,Flts!$I$14:$I$349,Flts!$C$14:$C$349),0) -> 0 | D52: =IFERROR(_xlfn.XLOOKUP(D51,Flts!$I$14:$I$349,Flts!$C$14:$C$349),0) -> 0 | E52: =IFERROR(_xlfn.XLOOKUP(E51,Flts!$I$14:$I$349,Flts!$C$14:$C$349),0) -> 0 | F52: =IFERROR(_xlfn.XLOOKUP(F51,Flts!$I$14:$I$349,Flts!$C$14:$C$349),0) -> 0 | G52: =IFERROR(_xlfn.XLOOKUP(G51,Flts!$I$14:$I$349,Flts!$C$14:$C$349),0) -> 0 | H52: =IFERROR(_xlfn.XLOOKUP(H51,Flts!$I$14:$I$349,Flts!$C$14:$C$349),0) -> 0 | I52: =IFERROR(_xlfn.XLOOKUP(I51,Flts!$I$14:$I$349,Flts!$C$14:$C$349),0) -> 0 | L52: =IFERROR(_xlfn.XLOOKUP(L51,Flts!$I$14:$I$349,Flts!$C$14:$C$349),0) -> Navidad | M52: =IFERROR(_xlfn.XLOOKUP(M51,Flts!$I$14:$I$349,Flts!$C$14:$C$349),0) -> Navidad | N52: =IFERROR(_xlfn.XLOOKUP(N51,Flts!$I$14:$I$349,Flts!$C$14:$C$349),0) -> Navidad | O52: =IFERROR(_xlfn.XLOOKUP(O51,Flts!$I$14:$I$349,Flts!$C$14:$C$349),0) -> 0 | P52: =IFERROR(_xlfn.XLOOKUP(P51,Flts!$I$14:$I$349,Flts!$C$14:$C$349),0) -> 0 | Q52: =IFERROR(_xlfn.XLOOKUP(Q51,Flts!$I$14:$I$349,Flts!$C$14:$C$349),0) -> 0 | R52: =IFERROR(_xlfn.XLOOKUP(R51,Flts!$I$14:$I$349,Flts!$C$14:$C$349),0) -> 0
C53: =IFERROR(_xlfn.XLOOKUP(C51,Flts!$I$14:$I$349,Flts!$D$14:$D$349),0) -> 0 | D53: =IFERROR(_xlfn.XLOOKUP(D51,Flts!$I$14:$I$349,Flts!$D$14:$D$349),0) -> 0 | E53: =IFERROR(_xlfn.XLOOKUP(E51,Flts!$I$14:$I$349,Flts!$D$14:$D$349),0) -> 1ºGx-Junta 1ªEv. | F53: =IFERROR(_xlfn.XLOOKUP(F51,Flts!$I$14:$I$349,Flts!$D$14:$D$349),0) -> 0 | G53: =IFERROR(_xlfn.XLOOKUP(G51,Flts!$I$14:$I$349,Flts!$D$14:$D$349),0) -> 1ºGx-Boletín 1ªEv. | H53: =IFERROR(_xlfn.XLOOKUP(H51,Flts!$I$14:$I$349,Flts!$D$14:$D$349),0) -> 0 | I53: =IFERROR(_xlfn.XLOOKUP(I51,Flts!$I$14:$I$349,Flts!$D$14:$D$349),0) -> 0 | L53: =IFERROR(_xlfn.XLOOKUP(L51,Flts!$I$14:$I$349,Flts!$D$14:$D$349),0) -> 0 | M53: =IFERROR(_xlfn.XLOOKUP(M51,Flts!$I$14:$I$349,Flts!$D$14:$D$349),0) -> 0 | N53: =IFERROR(_xlfn.XLOOKUP(N51,Flts!$I$14:$I$349,Flts!$D$14:$D$349),0) -> 0 | O53: =IFERROR(_xlfn.XLOOKUP(O51,Flts!$I$14:$I$349,Flts!$D$14:$D$349),0) -> 0 | P53: =IFERROR(_xlfn.XLOOKUP(P51,Flts!$I$14:$I$349,Flts!$D$14:$D$349),0) -> 0 | Q53: =IFERROR(_xlfn.XLOOKUP(Q51,Flts!$I$14:$I$349,Flts!$D$14:$D$349),0) -> 0 | R53: =IFERROR(_xlfn.XLOOKUP(R51,Flts!$I$14:$I$349,Flts!$D$14:$D$349),0) -> 0
C54: =IFERROR(_xlfn.XLOOKUP(C51,Flts!$I$14:$I$349,Flts!$E$14:$E$349),0) -> UD02 | D54: =IFERROR(_xlfn.XLOOKUP(D51,Flts!$I$14:$I$349,Flts!$E$14:$E$349),0) -> UD02 | E54: =IFERROR(_xlfn.XLOOKUP(E51,Flts!$I$14:$I$349,Flts!$E$14:$E$349),0) -> UD02 | F54: =IFERROR(_xlfn.XLOOKUP(F51,Flts!$I$14:$I$349,Flts!$E$14:$E$349),0) -> UD02 | G54: =IFERROR(_xlfn.XLOOKUP(G51,Flts!$I$14:$I$349,Flts!$E$14:$E$349),0) -> UD02 | L54: =IFERROR(_xlfn.XLOOKUP(L51,Flts!$I$14:$I$349,Flts!$E$14:$E$349),0) -> 0 | M54: =IFERROR(_xlfn.XLOOKUP(M51,Flts!$I$14:$I$349,Flts!$E$14:$E$349),0) -> 0 | N54: =IFERROR(_xlfn.XLOOKUP(N51,Flts!$I$14:$I$349,Flts!$E$14:$E$349),0) -> 0 | O54: =IFERROR(_xlfn.XLOOKUP(O51,Flts!$I$14:$I$349,Flts!$E$14:$E$349),0) -> 0 | P54: =IFERROR(_xlfn.XLOOKUP(P51,Flts!$I$14:$I$349,Flts!$E$14:$E$349),0) -> 0
B55: =IF(C55<>0,B51+1,0) -> 0 | C55: =IF(MONTH(C47+14)=MONTH(C47), C47+14, 0) -> 0 | D55: =IF(MONTH(D47+14)=MONTH(D47), D47+14, 0) -> 0 | E55: =IF(MONTH(E47+14)=MONTH(E47), E47+14, 0) -> 0 | F55: =IF(MONTH(F47+14)=MONTH(F47), F47+14, 0) -> 0 | G55: =IF(MONTH(G47+14)=MONTH(G47), G47+14, 0) -> 0 | H55: =IF(MONTH(H47+14)=MONTH(H47), H47+14, 0) -> 0 | I55: =IF(MONTH(I47+14)=MONTH(I47), I47+14, 0) -> 0 | K55: =IF(L55<>0,K51+1,0) -> 0 | L55: =IF(MONTH(L47+14)=MONTH(L47), L47+14, 0) -> 0 | M55: =IF(MONTH(M47+14)=MONTH(M47), M47+14, 0) -> 0 | N55: =IF(MONTH(N47+14)=MONTH(N47), N47+14, 0) -> 0 | O55: =IF(MONTH(O47+14)=MONTH(O47), O47+14, 0) -> 0 | P55: =IF(MONTH(P47+14)=MONTH(P47), P47+14, 0) -> 0 | Q55: =IF(MONTH(Q47+14)=MONTH(Q47), Q47+14, 0) -> 0 | R55: =IF(MONTH(R47+14)=MONTH(R47), R47+14, 0) -> 0
C56: =IFERROR(_xlfn.XLOOKUP(C55,Flts!$I$14:$I$349,Flts!$C$14:$C$349),0) -> 0 | D56: =IFERROR(_xlfn.XLOOKUP(D55,Flts!$I$14:$I$349,Flts!$C$14:$C$349),0) -> 0 | E56: =IFERROR(_xlfn.XLOOKUP(E55,Flts!$I$14:$I$349,Flts!$C$14:$C$349),0) -> 0 | F56: =IFERROR(_xlfn.XLOOKUP(F55,Flts!$I$14:$I$349,Flts!$C$14:$C$349),0) -> 0 | G56: =IFERROR(_xlfn.XLOOKUP(G55,Flts!$I$14:$I$349,Flts!$C$14:$C$349),0) -> 0 | H56: =IFERROR(_xlfn.XLOOKUP(H55,Flts!$I$14:$I$349,Flts!$C$14:$C$349),0) -> 0 | I56: =IFERROR(_xlfn.XLOOKUP(I55,Flts!$I$14:$I$349,Flts!$C$14:$C$349),0) -> 0 | L56: =IFERROR(_xlfn.XLOOKUP(L55,Flts!$I$14:$I$349,Flts!$C$14:$C$349),0) -> 0 | M56: =IFERROR(_xlfn.XLOOKUP(M55,Flts!$I$14:$I$349,Flts!$C$14:$C$349),0) -> 0 | N56: =IFERROR(_xlfn.XLOOKUP(N55,Flts!$I$14:$I$349,Flts!$C$14:$C$349),0) -> 0 | O56: =IFERROR(_xlfn.XLOOKUP(O55,Flts!$I$14:$I$349,Flts!$C$14:$C$349),0) -> 0 | P56: =IFERROR(_xlfn.XLOOKUP(P55,Flts!$I$14:$I$349,Flts!$C$14:$C$349),0) -> 0 | Q56: =IFERROR(_xlfn.XLOOKUP(Q55,Flts!$I$14:$I$349,Flts!$C$14:$C$349),0) -> 0 | R56: =IFERROR(_xlfn.XLOOKUP(R55,Flts!$I$14:$I$349,Flts!$C$14:$C$349),0) -> 0
C57: =IFERROR(_xlfn.XLOOKUP(C55,Flts!$I$14:$I$349,Flts!$D$14:$D$349),0) -> 0 | D57: =IFERROR(_xlfn.XLOOKUP(D55,Flts!$I$14:$I$349,Flts!$D$14:$D$349),0) -> 0 | E57: =IFERROR(_xlfn.XLOOKUP(E55,Flts!$I$14:$I$349,Flts!$D$14:$D$349),0) -> 0 | F57: =IFERROR(_xlfn.XLOOKUP(F55,Flts!$I$14:$I$349,Flts!$D$14:$D$349),0) -> 0 | G57: =IFERROR(_xlfn.XLOOKUP(G55,Flts!$I$14:$I$349,Flts!$D$14:$D$349),0) -> 0 | H57: =IFERROR(_xlfn.XLOOKUP(H55,Flts!$I$14:$I$349,Flts!$D$14:$D$349),0) -> 0 | I57: =IFERROR(_xlfn.XLOOKUP(I55,Flts!$I$14:$I$349,Flts!$D$14:$D$349),0) -> 0 | L57: =IFERROR(_xlfn.XLOOKUP(L55,Flts!$I$14:$I$349,Flts!$D$14:$D$349),0) -> 0 | M57: =IFERROR(_xlfn.XLOOKUP(M55,Flts!$I$14:$I$349,Flts!$D$14:$D$349),0) -> 0 | N57: =IFERROR(_xlfn.XLOOKUP(N55,Flts!$I$14:$I$349,Flts!$D$14:$D$349),0) -> 0 | O57: =IFERROR(_xlfn.XLOOKUP(O55,Flts!$I$14:$I$349,Flts!$D$14:$D$349),0) -> 0 | P57: =IFERROR(_xlfn.XLOOKUP(P55,Flts!$I$14:$I$349,Flts!$D$14:$D$349),0) -> 0 | Q57: =IFERROR(_xlfn.XLOOKUP(Q55,Flts!$I$14:$I$349,Flts!$D$14:$D$349),0) -> 0 | R57: =IFERROR(_xlfn.XLOOKUP(R55,Flts!$I$14:$I$349,Flts!$D$14:$D$349),0) -> 0
C58: =IFERROR(_xlfn.XLOOKUP(C55,Flts!$I$14:$I$349,Flts!$E$14:$E$349),0) -> 0 | D58: =IFERROR(_xlfn.XLOOKUP(D55,Flts!$I$14:$I$349,Flts!$E$14:$E$349),0) -> 0 | E58: =IFERROR(_xlfn.XLOOKUP(E55,Flts!$I$14:$I$349,Flts!$E$14:$E$349),0) -> 0 | F58: =IFERROR(_xlfn.XLOOKUP(F55,Flts!$I$14:$I$349,Flts!$E$14:$E$349),0) -> 0 | G58: =IFERROR(_xlfn.XLOOKUP(G55,Flts!$I$14:$I$349,Flts!$E$14:$E$349),0) -> 0 | L58: =IFERROR(_xlfn.XLOOKUP(L55,Flts!$I$14:$I$349,Flts!$E$14:$E$349),0) -> 0 | M58: =IFERROR(_xlfn.XLOOKUP(M55,Flts!$I$14:$I$349,Flts!$E$14:$E$349),0) -> 0 | N58: =IFERROR(_xlfn.XLOOKUP(N55,Flts!$I$14:$I$349,Flts!$E$14:$E$349),0) -> 0 | O58: =IFERROR(_xlfn.XLOOKUP(O55,Flts!$I$14:$I$349,Flts!$E$14:$E$349),0) -> 0 | P58: =IFERROR(_xlfn.XLOOKUP(P55,Flts!$I$14:$I$349,Flts!$E$14:$E$349),0) -> 0
B60: =IModulo&" ("&IProfesor&")" -> FPM-it-1-0237 Infra. comunes de teleco en viviendas y edificios (Rafa Sanz)
B62: 1 | C62: =DATE(YEAR(FechaInicio1Tri)+1,B62,1) -> 46023 | I62: =YEAR(FechaInicio1Tri)+1 -> 2026 | K62: 2 | L62: =DATE(YEAR(FechaInicio1Tri)+1,K62,1) -> 46054 | R62: =YEAR(FechaInicio1Tri)+1 -> 2026
B63: S | C63: Lun | D63: Mar | E63: Mié | F63: Jue | G63: Vie | H63: Sáb | I63: Dom | K63: S | L63: Lun | M63: Mar | N63: Mié | O63: Jue | P63: Vie | Q63: Sáb | R63: Dom
B64: =_xlfn.ISOWEEKNUM(C62) -> 1 | C64: =IF(WEEKDAY(C62,2)=1,C62,0) -> 0 | D64: =IF(WEEKDAY(C62,2)=2, C62, IF(WEEKDAY(C62,2)<2, C64+1,0)) -> 0 | E64: =IF(WEEKDAY(C62,2)=3, C62, IF(WEEKDAY(C62,2)<3, D64+1,0)) -> 0 | F64: =IF(WEEKDAY(C62,2)=4, C62, IF(WEEKDAY(C62,2)<4, E64+1,0)) -> 46023 | G64: =IF(WEEKDAY(C62,2)=5, C62, IF(WEEKDAY(C62,2)<5, F64+1,0)) -> 46024 | H64: =IF(WEEKDAY(C62,2)=6, C62, IF(WEEKDAY(C62,2)<6, G64+1,0)) -> 46025 | I64: =IF(WEEKDAY(C62,2)=7, C62, IF(WEEKDAY(C62,2)<7, H64+1,0)) -> 46026 | K64: =_xlfn.ISOWEEKNUM(L62) -> 5 | L64: =IF(WEEKDAY(L62,2)=1,L62,0) -> 0 | M64: =IF(WEEKDAY(L62,2)=2, L62, IF(WEEKDAY(L62,2)<2, L64+1,0)) -> 0 | N64: =IF(WEEKDAY(L62,2)=3, L62, IF(WEEKDAY(L62,2)<3, M64+1,0)) -> 0 | O64: =IF(WEEKDAY(L62,2)=4, L62, IF(WEEKDAY(L62,2)<4, N64+1,0)) -> 0 | P64: =IF(WEEKDAY(L62,2)=5, L62, IF(WEEKDAY(L62,2)<5, O64+1,0)) -> 0 | Q64: =IF(WEEKDAY(L62,2)=6, L62, IF(WEEKDAY(L62,2)<6, P64+1,0)) -> 0 | R64: =IF(WEEKDAY(L62,2)=7, L62, IF(WEEKDAY(L62,2)<7, Q64+1,0)) -> 46054
C65: =IFERROR(_xlfn.XLOOKUP(C64,Flts!$I$14:$I$349,Flts!$C$14:$C$349),0) -> 0 | D65: =IFERROR(_xlfn.XLOOKUP(D64,Flts!$I$14:$I$349,Flts!$C$14:$C$349),0) -> 0 | E65: =IFERROR(_xlfn.XLOOKUP(E64,Flts!$I$14:$I$349,Flts!$C$14:$C$349),0) -> 0 | F65: =IFERROR(_xlfn.XLOOKUP(F64,Flts!$I$14:$I$349,Flts!$C$14:$C$349),0) -> Navidad | G65: =IFERROR(_xlfn.XLOOKUP(G64,Flts!$I$14:$I$349,Flts!$C$14:$C$349),0) -> Navidad | H65: =IFERROR(_xlfn.XLOOKUP(H64,Flts!$I$14:$I$349,Flts!$C$14:$C$349),0) -> 0 | I65: =IFERROR(_xlfn.XLOOKUP(I64,Flts!$I$14:$I$349,Flts!$C$14:$C$349),0) -> 0 | L65: =IFERROR(_xlfn.XLOOKUP(L64,Flts!$I$14:$I$349,Flts!$C$14:$C$349),0) -> 0 | M65: =IFERROR(_xlfn.XLOOKUP(M64,Flts!$I$14:$I$349,Flts!$C$14:$C$349),0) -> 0 | N65: =IFERROR(_xlfn.XLOOKUP(N64,Flts!$I$14:$I$349,Flts!$C$14:$C$349),0) -> 0 | O65: =IFERROR(_xlfn.XLOOKUP(O64,Flts!$I$14:$I$349,Flts!$C$14:$C$349),0) -> 0 | P65: =IFERROR(_xlfn.XLOOKUP(P64,Flts!$I$14:$I$349,Flts!$C$14:$C$349),0) -> 0 | Q65: =IFERROR(_xlfn.XLOOKUP(Q64,Flts!$I$14:$I$349,Flts!$C$14:$C$349),0) -> 0 | R65: =IFERROR(_xlfn.XLOOKUP(R64,Flts!$I$14:$I$349,Flts!$C$14:$C$349),0) -> 0
C66: =IFERROR(_xlfn.XLOOKUP(C64,Flts!$I$14:$I$349,Flts!$D$14:$D$349),0) -> 0 | D66: =IFERROR(_xlfn.XLOOKUP(D64,Flts!$I$14:$I$349,Flts!$D$14:$D$349),0) -> 0 | E66: =IFERROR(_xlfn.XLOOKUP(E64,Flts!$I$14:$I$349,Flts!$D$14:$D$349),0) -> 0 | F66: =IFERROR(_xlfn.XLOOKUP(F64,Flts!$I$14:$I$349,Flts!$D$14:$D$349),0) -> 0 | G66: =IFERROR(_xlfn.XLOOKUP(G64,Flts!$I$14:$I$349,Flts!$D$14:$D$349),0) -> 0 | H66: =IFERROR(_xlfn.XLOOKUP(H64,Flts!$I$14:$I$349,Flts!$D$14:$D$349),0) -> 0 | I66: =IFERROR(_xlfn.XLOOKUP(I64,Flts!$I$14:$I$349,Flts!$D$14:$D$349),0) -> 0 | L66: =IFERROR(_xlfn.XLOOKUP(L64,Flts!$I$14:$I$349,Flts!$D$14:$D$349),0) -> 0 | M66: =IFERROR(_xlfn.XLOOKUP(M64,Flts!$I$14:$I$349,Flts!$D$14:$D$349),0) -> 0 | N66: =IFERROR(_xlfn.XLOOKUP(N64,Flts!$I$14:$I$349,Flts!$D$14:$D$349),0) -> 0 | O66: =IFERROR(_xlfn.XLOOKUP(O64,Flts!$I$14:$I$349,Flts!$D$14:$D$349),0) -> 0 | P66: =IFERROR(_xlfn.XLOOKUP(P64,Flts!$I$14:$I$349,Flts!$D$14:$D$349),0) -> 0 | Q66: =IFERROR(_xlfn.XLOOKUP(Q64,Flts!$I$14:$I$349,Flts!$D$14:$D$349),0) -> 0 | R66: =IFERROR(_xlfn.XLOOKUP(R64,Flts!$I$14:$I$349,Flts!$D$14:$D$349),0) -> 0
C67: =IFERROR(_xlfn.XLOOKUP(C64,Flts!$I$14:$I$349,Flts!$E$14:$E$349),0) -> 0 | D67: =IFERROR(_xlfn.XLOOKUP(D64,Flts!$I$14:$I$349,Flts!$E$14:$E$349),0) -> 0 | E67: =IFERROR(_xlfn.XLOOKUP(E64,Flts!$I$14:$I$349,Flts!$E$14:$E$349),0) -> 0 | F67: =IFERROR(_xlfn.XLOOKUP(F64,Flts!$I$14:$I$349,Flts!$E$14:$E$349),0) -> 0 | G67: =IFERROR(_xlfn.XLOOKUP(G64,Flts!$I$14:$I$349,Flts!$E$14:$E$349),0) -> 0 | L67: =IFERROR(_xlfn.XLOOKUP(L64,Flts!$I$14:$I$349,Flts!$E$14:$E$349),0) -> 0 | M67: =IFERROR(_xlfn.XLOOKUP(M64,Flts!$I$14:$I$349,Flts!$E$14:$E$349),0) -> 0 | N67: =IFERROR(_xlfn.XLOOKUP(N64,Flts!$I$14:$I$349,Flts!$E$14:$E$349),0) -> 0 | O67: =IFERROR(_xlfn.XLOOKUP(O64,Flts!$I$14:$I$349,Flts!$E$14:$E$349),0) -> 0 | P67: =IFERROR(_xlfn.XLOOKUP(P64,Flts!$I$14:$I$349,Flts!$E$14:$E$349),0) -> 0
B68: =_xlfn.ISOWEEKNUM(C68) -> 2 | C68: =I64+1 -> 46027 | D68: =C68+1 -> 46028 | E68: =D68+1 -> 46029 | F68: =E68+1 -> 46030 | G68: =F68+1 -> 46031 | H68: =G68+1 -> 46032 | I68: =H68+1 -> 46033 | K68: =_xlfn.ISOWEEKNUM(L68) -> 6 | L68: =R64+1 -> 46055 | M68: =L68+1 -> 46056 | N68: =M68+1 -> 46057 | O68: =N68+1 -> 46058 | P68: =O68+1 -> 46059 | Q68: =P68+1 -> 46060 | R68: =Q68+1 -> 46061
C69: =IFERROR(_xlfn.XLOOKUP(C68,Flts!$I$14:$I$349,Flts!$C$14:$C$349),0) -> Navidad | D69: =IFERROR(_xlfn.XLOOKUP(D68,Flts!$I$14:$I$349,Flts!$C$14:$C$349),0) -> Navidad | E69: =IFERROR(_xlfn.XLOOKUP(E68,Flts!$I$14:$I$349,Flts!$C$14:$C$349),0) -> 0 | F69: =IFERROR(_xlfn.XLOOKUP(F68,Flts!$I$14:$I$349,Flts!$C$14:$C$349),0) -> 0 | G69: =IFERROR(_xlfn.XLOOKUP(G68,Flts!$I$14:$I$349,Flts!$C$14:$C$349),0) -> 0 | H69: =IFERROR(_xlfn.XLOOKUP(H68,Flts!$I$14:$I$349,Flts!$C$14:$C$349),0) -> 0 | I69: =IFERROR(_xlfn.XLOOKUP(I68,Flts!$I$14:$I$349,Flts!$C$14:$C$349),0) -> 0 | L69: =IFERROR(_xlfn.XLOOKUP(L68,Flts!$I$14:$I$349,Flts!$C$14:$C$349),0) -> 1ºGx Prácticas | M69: =IFERROR(_xlfn.XLOOKUP(M68,Flts!$I$14:$I$349,Flts!$C$14:$C$349),0) -> 1ºGx Prácticas | N69: =IFERROR(_xlfn.XLOOKUP(N68,Flts!$I$14:$I$349,Flts!$C$14:$C$349),0) -> 1ºGx Prácticas | O69: =IFERROR(_xlfn.XLOOKUP(O68,Flts!$I$14:$I$349,Flts!$C$14:$C$349),0) -> 1ºGx Prácticas | P69: =IFERROR(_xlfn.XLOOKUP(P68,Flts!$I$14:$I$349,Flts!$C$14:$C$349),0) -> 1ºGx Prácticas | Q69: =IFERROR(_xlfn.XLOOKUP(Q68,Flts!$I$14:$I$349,Flts!$C$14:$C$349),0) -> 0 | R69: =IFERROR(_xlfn.XLOOKUP(R68,Flts!$I$14:$I$349,Flts!$C$14:$C$349),0) -> 0
C70: =IFERROR(_xlfn.XLOOKUP(C68,Flts!$I$14:$I$349,Flts!$D$14:$D$349),0) -> 0 | D70: =IFERROR(_xlfn.XLOOKUP(D68,Flts!$I$14:$I$349,Flts!$D$14:$D$349),0) -> 0 | E70: =IFERROR(_xlfn.XLOOKUP(E68,Flts!$I$14:$I$349,Flts!$D$14:$D$349),0) -> 0 | F70: =IFERROR(_xlfn.XLOOKUP(F68,Flts!$I$14:$I$349,Flts!$D$14:$D$349),0) -> 0 | G70: =IFERROR(_xlfn.XLOOKUP(G68,Flts!$I$14:$I$349,Flts!$D$14:$D$349),0) -> 0 | H70: =IFERROR(_xlfn.XLOOKUP(H68,Flts!$I$14:$I$349,Flts!$D$14:$D$349),0) -> 0 | I70: =IFERROR(_xlfn.XLOOKUP(I68,Flts!$I$14:$I$349,Flts!$D$14:$D$349),0) -> 0 | L70: =IFERROR(_xlfn.XLOOKUP(L68,Flts!$I$14:$I$349,Flts!$D$14:$D$349),0) -> 0 | M70: =IFERROR(_xlfn.XLOOKUP(M68,Flts!$I$14:$I$349,Flts!$D$14:$D$349),0) -> 0 | N70: =IFERROR(_xlfn.XLOOKUP(N68,Flts!$I$14:$I$349,Flts!$D$14:$D$349),0) -> 0 | O70: =IFERROR(_xlfn.XLOOKUP(O68,Flts!$I$14:$I$349,Flts!$D$14:$D$349),0) -> 0 | P70: =IFERROR(_xlfn.XLOOKUP(P68,Flts!$I$14:$I$349,Flts!$D$14:$D$349),0) -> 0 | Q70: =IFERROR(_xlfn.XLOOKUP(Q68,Flts!$I$14:$I$349,Flts!$D$14:$D$349),0) -> 0 | R70: =IFERROR(_xlfn.XLOOKUP(R68,Flts!$I$14:$I$349,Flts!$D$14:$D$349),0) -> 0
C71: =IFERROR(_xlfn.XLOOKUP(C68,Flts!$I$14:$I$349,Flts!$E$14:$E$349),0) -> 0 | D71: =IFERROR(_xlfn.XLOOKUP(D68,Flts!$I$14:$I$349,Flts!$E$14:$E$349),0) -> 0 | E71: =IFERROR(_xlfn.XLOOKUP(E68,Flts!$I$14:$I$349,Flts!$E$14:$E$349),0) -> UD02 | F71: =IFERROR(_xlfn.XLOOKUP(F68,Flts!$I$14:$I$349,Flts!$E$14:$E$349),0) -> UD02 | G71: =IFERROR(_xlfn.XLOOKUP(G68,Flts!$I$14:$I$349,Flts!$E$14:$E$349),0) -> UD02 | L71: =IFERROR(_xlfn.XLOOKUP(L68,Flts!$I$14:$I$349,Flts!$E$14:$E$349),0) -> 0 | M71: =IFERROR(_xlfn.XLOOKUP(M68,Flts!$I$14:$I$349,Flts!$E$14:$E$349),0) -> 0 | N71: =IFERROR(_xlfn.XLOOKUP(N68,Flts!$I$14:$I$349,Flts!$E$14:$E$349),0) -> 0 | O71: =IFERROR(_xlfn.XLOOKUP(O68,Flts!$I$14:$I$349,Flts!$E$14:$E$349),0) -> 0 | P71: =IFERROR(_xlfn.XLOOKUP(P68,Flts!$I$14:$I$349,Flts!$E$14:$E$349),0) -> 0
B72: =B68+1 -> 3 | C72: =I68+1 -> 46034 | D72: =C72+1 -> 46035 | E72: =D72+1 -> 46036 | F72: =E72+1 -> 46037 | G72: =F72+1 -> 46038 | H72: =G72+1 -> 46039 | I72: =H72+1 -> 46040 | K72: =K68+1 -> 7 | L72: =R68+1 -> 46062 | M72: =L72+1 -> 46063 | N72: =M72+1 -> 46064 | O72: =N72+1 -> 46065 | P72: =O72+1 -> 46066 | Q72: =P72+1 -> 46067 | R72: =Q72+1 -> 46068
C73: =IFERROR(_xlfn.XLOOKUP(C72,Flts!$I$14:$I$349,Flts!$C$14:$C$349),0) -> 0 | D73: =IFERROR(_xlfn.XLOOKUP(D72,Flts!$I$14:$I$349,Flts!$C$14:$C$349),0) -> 0 | E73: =IFERROR(_xlfn.XLOOKUP(E72,Flts!$I$14:$I$349,Flts!$C$14:$C$349),0) -> 0 | F73: =IFERROR(_xlfn.XLOOKUP(F72,Flts!$I$14:$I$349,Flts!$C$14:$C$349),0) -> 0 | G73: =IFERROR(_xlfn.XLOOKUP(G72,Flts!$I$14:$I$349,Flts!$C$14:$C$349),0) -> 0 | H73: =IFERROR(_xlfn.XLOOKUP(H72,Flts!$I$14:$I$349,Flts!$C$14:$C$349),0) -> 0 | I73: =IFERROR(_xlfn.XLOOKUP(I72,Flts!$I$14:$I$349,Flts!$C$14:$C$349),0) -> 0 | L73: =IFERROR(_xlfn.XLOOKUP(L72,Flts!$I$14:$I$349,Flts!$C$14:$C$349),0) -> 1ºGx Prácticas | M73: =IFERROR(_xlfn.XLOOKUP(M72,Flts!$I$14:$I$349,Flts!$C$14:$C$349),0) -> 1ºGx Prácticas | N73: =IFERROR(_xlfn.XLOOKUP(N72,Flts!$I$14:$I$349,Flts!$C$14:$C$349),0) -> 1ºGx Prácticas | O73: =IFERROR(_xlfn.XLOOKUP(O72,Flts!$I$14:$I$349,Flts!$C$14:$C$349),0) -> 1ºGx Prácticas | P73: =IFERROR(_xlfn.XLOOKUP(P72,Flts!$I$14:$I$349,Flts!$C$14:$C$349),0) -> 1ºGx Prácticas | Q73: =IFERROR(_xlfn.XLOOKUP(Q72,Flts!$I$14:$I$349,Flts!$C$14:$C$349),0) -> 0 | R73: =IFERROR(_xlfn.XLOOKUP(R72,Flts!$I$14:$I$349,Flts!$C$14:$C$349),0) -> 0
C74: =IFERROR(_xlfn.XLOOKUP(C72,Flts!$I$14:$I$349,Flts!$D$14:$D$349),0) -> 0 | D74: =IFERROR(_xlfn.XLOOKUP(D72,Flts!$I$14:$I$349,Flts!$D$14:$D$349),0) -> 0 | E74: =IFERROR(_xlfn.XLOOKUP(E72,Flts!$I$14:$I$349,Flts!$D$14:$D$349),0) -> 0 | F74: =IFERROR(_xlfn.XLOOKUP(F72,Flts!$I$14:$I$349,Flts!$D$14:$D$349),0) -> 0 | G74: =IFERROR(_xlfn.XLOOKUP(G72,Flts!$I$14:$I$349,Flts!$D$14:$D$349),0) -> 0 | H74: =IFERROR(_xlfn.XLOOKUP(H72,Flts!$I$14:$I$349,Flts!$D$14:$D$349),0) -> 0 | I74: =IFERROR(_xlfn.XLOOKUP(I72,Flts!$I$14:$I$349,Flts!$D$14:$D$349),0) -> 0 | L74: =IFERROR(_xlfn.XLOOKUP(L72,Flts!$I$14:$I$349,Flts!$D$14:$D$349),0) -> 0 | M74: =IFERROR(_xlfn.XLOOKUP(M72,Flts!$I$14:$I$349,Flts!$D$14:$D$349),0) -> 0 | N74: =IFERROR(_xlfn.XLOOKUP(N72,Flts!$I$14:$I$349,Flts!$D$14:$D$349),0) -> 0 | O74: =IFERROR(_xlfn.XLOOKUP(O72,Flts!$I$14:$I$349,Flts!$D$14:$D$349),0) -> 0 | P74: =IFERROR(_xlfn.XLOOKUP(P72,Flts!$I$14:$I$349,Flts!$D$14:$D$349),0) -> 0 | Q74: =IFERROR(_xlfn.XLOOKUP(Q72,Flts!$I$14:$I$349,Flts!$D$14:$D$349),0) -> 0 | R74: =IFERROR(_xlfn.XLOOKUP(R72,Flts!$I$14:$I$349,Flts!$D$14:$D$349),0) -> 0
C75: =IFERROR(_xlfn.XLOOKUP(C72,Flts!$I$14:$I$349,Flts!$E$14:$E$349),0) -> UD02 | D75: =IFERROR(_xlfn.XLOOKUP(D72,Flts!$I$14:$I$349,Flts!$E$14:$E$349),0) -> UD02 | E75: =IFERROR(_xlfn.XLOOKUP(E72,Flts!$I$14:$I$349,Flts!$E$14:$E$349),0) -> UD02 | F75: =IFERROR(_xlfn.XLOOKUP(F72,Flts!$I$14:$I$349,Flts!$E$14:$E$349),0) -> UD02 | G75: =IFERROR(_xlfn.XLOOKUP(G72,Flts!$I$14:$I$349,Flts!$E$14:$E$349),0) -> UD02 | L75: =IFERROR(_xlfn.XLOOKUP(L72,Flts!$I$14:$I$349,Flts!$E$14:$E$349),0) -> 0 | M75: =IFERROR(_xlfn.XLOOKUP(M72,Flts!$I$14:$I$349,Flts!$E$14:$E$349),0) -> 0 | N75: =IFERROR(_xlfn.XLOOKUP(N72,Flts!$I$14:$I$349,Flts!$E$14:$E$349),0) -> 0 | O75: =IFERROR(_xlfn.XLOOKUP(O72,Flts!$I$14:$I$349,Flts!$E$14:$E$349),0) -> 0 | P75: =IFERROR(_xlfn.XLOOKUP(P72,Flts!$I$14:$I$349,Flts!$E$14:$E$349),0) -> 0
B76: =B72+1 -> 4 | C76: =I72+1 -> 46041 | D76: =C76+1 -> 46042 | E76: =D76+1 -> 46043 | F76: =E76+1 -> 46044 | G76: =F76+1 -> 46045 | H76: =G76+1 -> 46046 | I76: =H76+1 -> 46047 | K76: =K72+1 -> 8 | L76: =R72+1 -> 46069 | M76: =L76+1 -> 46070 | N76: =M76+1 -> 46071 | O76: =N76+1 -> 46072 | P76: =O76+1 -> 46073 | Q76: =P76+1 -> 46074 | R76: =Q76+1 -> 46075
C77: =IFERROR(_xlfn.XLOOKUP(C76,Flts!$I$14:$I$349,Flts!$C$14:$C$349),0) -> 0 | D77: =IFERROR(_xlfn.XLOOKUP(D76,Flts!$I$14:$I$349,Flts!$C$14:$C$349),0) -> 0 | E77: =IFERROR(_xlfn.XLOOKUP(E76,Flts!$I$14:$I$349,Flts!$C$14:$C$349),0) -> 0 | F77: =IFERROR(_xlfn.XLOOKUP(F76,Flts!$I$14:$I$349,Flts!$C$14:$C$349),0) -> 0 | G77: =IFERROR(_xlfn.XLOOKUP(G76,Flts!$I$14:$I$349,Flts!$C$14:$C$349),0) -> 0 | H77: =IFERROR(_xlfn.XLOOKUP(H76,Flts!$I$14:$I$349,Flts!$C$14:$C$349),0) -> 0 | I77: =IFERROR(_xlfn.XLOOKUP(I76,Flts!$I$14:$I$349,Flts!$C$14:$C$349),0) -> 0 | L77: =IFERROR(_xlfn.XLOOKUP(L76,Flts!$I$14:$I$349,Flts!$C$14:$C$349),0) -> 1ºGx Prácticas | M77: =IFERROR(_xlfn.XLOOKUP(M76,Flts!$I$14:$I$349,Flts!$C$14:$C$349),0) -> 1ºGx Prácticas | N77: =IFERROR(_xlfn.XLOOKUP(N76,Flts!$I$14:$I$349,Flts!$C$14:$C$349),0) -> 1ºGx Prácticas | O77: =IFERROR(_xlfn.XLOOKUP(O76,Flts!$I$14:$I$349,Flts!$C$14:$C$349),0) -> 1ºGx Prácticas | P77: =IFERROR(_xlfn.XLOOKUP(P76,Flts!$I$14:$I$349,Flts!$C$14:$C$349),0) -> 1ºGx Prácticas | Q77: =IFERROR(_xlfn.XLOOKUP(Q76,Flts!$I$14:$I$349,Flts!$C$14:$C$349),0) -> 0 | R77: =IFERROR(_xlfn.XLOOKUP(R76,Flts!$I$14:$I$349,Flts!$C$14:$C$349),0) -> 0
C78: =IFERROR(_xlfn.XLOOKUP(C76,Flts!$I$14:$I$349,Flts!$D$14:$D$349),0) -> 0 | D78: =IFERROR(_xlfn.XLOOKUP(D76,Flts!$I$14:$I$349,Flts!$D$14:$D$349),0) -> 0 | E78: =IFERROR(_xlfn.XLOOKUP(E76,Flts!$I$14:$I$349,Flts!$D$14:$D$349),0) -> 0 | F78: =IFERROR(_xlfn.XLOOKUP(F76,Flts!$I$14:$I$349,Flts!$D$14:$D$349),0) -> 0 | G78: =IFERROR(_xlfn.XLOOKUP(G76,Flts!$I$14:$I$349,Flts!$D$14:$D$349),0) -> 0 | H78: =IFERROR(_xlfn.XLOOKUP(H76,Flts!$I$14:$I$349,Flts!$D$14:$D$349),0) -> 0 | I78: =IFERROR(_xlfn.XLOOKUP(I76,Flts!$I$14:$I$349,Flts!$D$14:$D$349),0) -> 0 | L78: =IFERROR(_xlfn.XLOOKUP(L76,Flts!$I$14:$I$349,Flts!$D$14:$D$349),0) -> 0 | M78: =IFERROR(_xlfn.XLOOKUP(M76,Flts!$I$14:$I$349,Flts!$D$14:$D$349),0) -> 0 | N78: =IFERROR(_xlfn.XLOOKUP(N76,Flts!$I$14:$I$349,Flts!$D$14:$D$349),0) -> 0 | O78: =IFERROR(_xlfn.XLOOKUP(O76,Flts!$I$14:$I$349,Flts!$D$14:$D$349),0) -> 0 | P78: =IFERROR(_xlfn.XLOOKUP(P76,Flts!$I$14:$I$349,Flts!$D$14:$D$349),0) -> 0 | Q78: =IFERROR(_xlfn.XLOOKUP(Q76,Flts!$I$14:$I$349,Flts!$D$14:$D$349),0) -> 0 | R78: =IFERROR(_xlfn.XLOOKUP(R76,Flts!$I$14:$I$349,Flts!$D$14:$D$349),0) -> 0
C79: =IFERROR(_xlfn.XLOOKUP(C76,Flts!$I$14:$I$349,Flts!$E$14:$E$349),0) -> UD02 | D79: =IFERROR(_xlfn.XLOOKUP(D76,Flts!$I$14:$I$349,Flts!$E$14:$E$349),0) -> UD02 | E79: =IFERROR(_xlfn.XLOOKUP(E76,Flts!$I$14:$I$349,Flts!$E$14:$E$349),0) -> UD02 | F79: =IFERROR(_xlfn.XLOOKUP(F76,Flts!$I$14:$I$349,Flts!$E$14:$E$349),0) -> UD02 | G79: =IFERROR(_xlfn.XLOOKUP(G76,Flts!$I$14:$I$349,Flts!$E$14:$E$349),0) -> UD02 | L79: =IFERROR(_xlfn.XLOOKUP(L76,Flts!$I$14:$I$349,Flts!$E$14:$E$349),0) -> 0 | M79: =IFERROR(_xlfn.XLOOKUP(M76,Flts!$I$14:$I$349,Flts!$E$14:$E$349),0) -> 0 | N79: =IFERROR(_xlfn.XLOOKUP(N76,Flts!$I$14:$I$349,Flts!$E$14:$E$349),0) -> 0 | O79: =IFERROR(_xlfn.XLOOKUP(O76,Flts!$I$14:$I$349,Flts!$E$14:$E$349),0) -> 0 | P79: =IFERROR(_xlfn.XLOOKUP(P76,Flts!$I$14:$I$349,Flts!$E$14:$E$349),0) -> 0
B80: =IF(C80<>0,B76+1,0) -> 5 | C80: =IF(MONTH(C72+14)=MONTH(C72), C72+14, 0) -> 46048 | D80: =IF(MONTH(D72+14)=MONTH(D72), D72+14, 0) -> 46049 | E80: =IF(MONTH(E72+14)=MONTH(E72), E72+14, 0) -> 46050 | F80: =IF(MONTH(F72+14)=MONTH(F72), F72+14, 0) -> 46051 | G80: =IF(MONTH(G72+14)=MONTH(G72), G72+14, 0) -> 46052 | H80: =IF(MONTH(H72+14)=MONTH(H72), H72+14, 0) -> 46053 | I80: =IF(MONTH(I72+14)=MONTH(I72), I72+14, 0) -> 0 | K80: =IF(L80<>0,K76+1,0) -> 9 | L80: =IF(MONTH(L72+14)=MONTH(L72), L72+14, 0) -> 46076 | M80: =IF(MONTH(M72+14)=MONTH(M72), M72+14, 0) -> 46077 | N80: =IF(MONTH(N72+14)=MONTH(N72), N72+14, 0) -> 46078 | O80: =IF(MONTH(O72+14)=MONTH(O72), O72+14, 0) -> 46079 | P80: =IF(MONTH(P72+14)=MONTH(P72), P72+14, 0) -> 46080 | Q80: =IF(MONTH(Q72+14)=MONTH(Q72), Q72+14, 0) -> 46081 | R80: =IF(MONTH(R72+14)=MONTH(R72), R72+14, 0) -> 0
C81: =IFERROR(_xlfn.XLOOKUP(C80,Flts!$I$14:$I$349,Flts!$C$14:$C$349),0) -> 0 | D81: =IFERROR(_xlfn.XLOOKUP(D80,Flts!$I$14:$I$349,Flts!$C$14:$C$349),0) -> 0 | E81: =IFERROR(_xlfn.XLOOKUP(E80,Flts!$I$14:$I$349,Flts!$C$14:$C$349),0) -> 0 | F81: =IFERROR(_xlfn.XLOOKUP(F80,Flts!$I$14:$I$349,Flts!$C$14:$C$349),0) -> S.Valero | G81: =IFERROR(_xlfn.XLOOKUP(G80,Flts!$I$14:$I$349,Flts!$C$14:$C$349),0) -> 0 | H81: =IFERROR(_xlfn.XLOOKUP(H80,Flts!$I$14:$I$349,Flts!$C$14:$C$349),0) -> 0 | I81: =IFERROR(_xlfn.XLOOKUP(I80,Flts!$I$14:$I$349,Flts!$C$14:$C$349),0) -> 0 | L81: =IFERROR(_xlfn.XLOOKUP(L80,Flts!$I$14:$I$349,Flts!$C$14:$C$349),0) -> 1ºGx Prácticas | M81: =IFERROR(_xlfn.XLOOKUP(M80,Flts!$I$14:$I$349,Flts!$C$14:$C$349),0) -> 1ºGx Prácticas | N81: =IFERROR(_xlfn.XLOOKUP(N80,Flts!$I$14:$I$349,Flts!$C$14:$C$349),0) -> 1ºGx Prácticas | O81: =IFERROR(_xlfn.XLOOKUP(O80,Flts!$I$14:$I$349,Flts!$C$14:$C$349),0) -> 1ºGx Prácticas | P81: =IFERROR(_xlfn.XLOOKUP(P80,Flts!$I$14:$I$349,Flts!$C$14:$C$349),0) -> 1ºGx Prácticas | Q81: =IFERROR(_xlfn.XLOOKUP(Q80,Flts!$I$14:$I$349,Flts!$C$14:$C$349),0) -> 0 | R81: =IFERROR(_xlfn.XLOOKUP(R80,Flts!$I$14:$I$349,Flts!$C$14:$C$349),0) -> 0
C82: =IFERROR(_xlfn.XLOOKUP(C80,Flts!$I$14:$I$349,Flts!$D$14:$D$349),0) -> 0 | D82: =IFERROR(_xlfn.XLOOKUP(D80,Flts!$I$14:$I$349,Flts!$D$14:$D$349),0) -> 0 | E82: =IFERROR(_xlfn.XLOOKUP(E80,Flts!$I$14:$I$349,Flts!$D$14:$D$349),0) -> 0 | F82: =IFERROR(_xlfn.XLOOKUP(F80,Flts!$I$14:$I$349,Flts!$D$14:$D$349),0) -> 0 | G82: =IFERROR(_xlfn.XLOOKUP(G80,Flts!$I$14:$I$349,Flts!$D$14:$D$349),0) -> 0 | H82: =IFERROR(_xlfn.XLOOKUP(H80,Flts!$I$14:$I$349,Flts!$D$14:$D$349),0) -> 0 | I82: =IFERROR(_xlfn.XLOOKUP(I80,Flts!$I$14:$I$349,Flts!$D$14:$D$349),0) -> 0 | L82: =IFERROR(_xlfn.XLOOKUP(L80,Flts!$I$14:$I$349,Flts!$D$14:$D$349),0) -> 0 | M82: =IFERROR(_xlfn.XLOOKUP(M80,Flts!$I$14:$I$349,Flts!$D$14:$D$349),0) -> 0 | N82: =IFERROR(_xlfn.XLOOKUP(N80,Flts!$I$14:$I$349,Flts!$D$14:$D$349),0) -> 2ºGx-Junta 2ªEv. | O82: =IFERROR(_xlfn.XLOOKUP(O80,Flts!$I$14:$I$349,Flts!$D$14:$D$349),0) -> 0 | P82: =IFERROR(_xlfn.XLOOKUP(P80,Flts!$I$14:$I$349,Flts!$D$14:$D$349),0) -> 2ºGx-Boletín 2ªEv. | Q82: =IFERROR(_xlfn.XLOOKUP(Q80,Flts!$I$14:$I$349,Flts!$D$14:$D$349),0) -> 0 | R82: =IFERROR(_xlfn.XLOOKUP(R80,Flts!$I$14:$I$349,Flts!$D$14:$D$349),0) -> 0
C83: =IFERROR(_xlfn.XLOOKUP(C80,Flts!$I$14:$I$349,Flts!$E$14:$E$349),0) | D83: =IFERROR(_xlfn.XLOOKUP(D80,Flts!$I$14:$I$349,Flts!$E$14:$E$349),0) | E83: =IFERROR(_xlfn.XLOOKUP(E80,Flts!$I$14:$I$349,Flts!$E$14:$E$349),0) | F83: =IFERROR(_xlfn.XLOOKUP(F80,Flts!$I$14:$I$349,Flts!$E$14:$E$349),0) -> 0 | G83: =IFERROR(_xlfn.XLOOKUP(G80,Flts!$I$14:$I$349,Flts!$E$14:$E$349),0) | L83: =IFERROR(_xlfn.XLOOKUP(L80,Flts!$I$14:$I$349,Flts!$E$14:$E$349),0) -> 0 | M83: =IFERROR(_xlfn.XLOOKUP(M80,Flts!$I$14:$I$349,Flts!$E$14:$E$349),0) -> 0 | N83: =IFERROR(_xlfn.XLOOKUP(N80,Flts!$I$14:$I$349,Flts!$E$14:$E$349),0) -> 0 | O83: =IFERROR(_xlfn.XLOOKUP(O80,Flts!$I$14:$I$349,Flts!$E$14:$E$349),0) -> 0 | P83: =IFERROR(_xlfn.XLOOKUP(P80,Flts!$I$14:$I$349,Flts!$E$14:$E$349),0) -> 0
B84: =IF(C84<>0,B80+1,0) -> 0 | C84: =IF(MONTH(C76+14)=MONTH(C76), C76+14, 0) -> 0 | D84: =IF(MONTH(D76+14)=MONTH(D76), D76+14, 0) -> 0 | E84: =IF(MONTH(E76+14)=MONTH(E76), E76+14, 0) -> 0 | F84: =IF(MONTH(F76+14)=MONTH(F76), F76+14, 0) -> 0 | G84: =IF(MONTH(G76+14)=MONTH(G76), G76+14, 0) -> 0 | H84: =IF(MONTH(H76+14)=MONTH(H76), H76+14, 0) -> 0 | I84: =IF(MONTH(I76+14)=MONTH(I76), I76+14, 0) -> 0 | K84: =IF(L84<>0,K80+1,0) -> 0 | L84: =IF(MONTH(L76+14)=MONTH(L76), L76+14, 0) -> 0 | M84: =IF(MONTH(M76+14)=MONTH(M76), M76+14, 0) -> 0 | N84: =IF(MONTH(N76+14)=MONTH(N76), N76+14, 0) -> 0 | O84: =IF(MONTH(O76+14)=MONTH(O76), O76+14, 0) -> 0 | P84: =IF(MONTH(P76+14)=MONTH(P76), P76+14, 0) -> 0 | Q84: =IF(MONTH(Q76+14)=MONTH(Q76), Q76+14, 0) -> 0 | R84: =IF(MONTH(R76+14)=MONTH(R76), R76+14, 0) -> 0
C85: =IFERROR(_xlfn.XLOOKUP(C84,Flts!$I$14:$I$349,Flts!$C$14:$C$349),0) -> 0 | D85: =IFERROR(_xlfn.XLOOKUP(D84,Flts!$I$14:$I$349,Flts!$C$14:$C$349),0) -> 0 | E85: =IFERROR(_xlfn.XLOOKUP(E84,Flts!$I$14:$I$349,Flts!$C$14:$C$349),0) -> 0 | F85: =IFERROR(_xlfn.XLOOKUP(F84,Flts!$I$14:$I$349,Flts!$C$14:$C$349),0) -> 0 | G85: =IFERROR(_xlfn.XLOOKUP(G84,Flts!$I$14:$I$349,Flts!$C$14:$C$349),0) -> 0 | H85: =IFERROR(_xlfn.XLOOKUP(H84,Flts!$I$14:$I$349,Flts!$C$14:$C$349),0) -> 0 | I85: =IFERROR(_xlfn.XLOOKUP(I84,Flts!$I$14:$I$349,Flts!$C$14:$C$349),0) -> 0 | L85: =IFERROR(_xlfn.XLOOKUP(L84,Flts!$I$14:$I$349,Flts!$C$14:$C$349),0) -> 0 | M85: =IFERROR(_xlfn.XLOOKUP(M84,Flts!$I$14:$I$349,Flts!$C$14:$C$349),0) -> 0 | N85: =IFERROR(_xlfn.XLOOKUP(N84,Flts!$I$14:$I$349,Flts!$C$14:$C$349),0) -> 0 | O85: =IFERROR(_xlfn.XLOOKUP(O84,Flts!$I$14:$I$349,Flts!$C$14:$C$349),0) -> 0 | P85: =IFERROR(_xlfn.XLOOKUP(P84,Flts!$I$14:$I$349,Flts!$C$14:$C$349),0) -> 0 | Q85: =IFERROR(_xlfn.XLOOKUP(Q84,Flts!$I$14:$I$349,Flts!$C$14:$C$349),0) -> 0 | R85: =IFERROR(_xlfn.XLOOKUP(R84,Flts!$I$14:$I$349,Flts!$C$14:$C$349),0) -> 0
C86: =IFERROR(_xlfn.XLOOKUP(C84,Flts!$I$14:$I$349,Flts!$D$14:$D$349),0) -> 0 | D86: =IFERROR(_xlfn.XLOOKUP(D84,Flts!$I$14:$I$349,Flts!$D$14:$D$349),0) -> 0 | E86: =IFERROR(_xlfn.XLOOKUP(E84,Flts!$I$14:$I$349,Flts!$D$14:$D$349),0) -> 0 | F86: =IFERROR(_xlfn.XLOOKUP(F84,Flts!$I$14:$I$349,Flts!$D$14:$D$349),0) -> 0 | G86: =IFERROR(_xlfn.XLOOKUP(G84,Flts!$I$14:$I$349,Flts!$D$14:$D$349),0) -> 0 | H86: =IFERROR(_xlfn.XLOOKUP(H84,Flts!$I$14:$I$349,Flts!$D$14:$D$349),0) -> 0 | I86: =IFERROR(_xlfn.XLOOKUP(I84,Flts!$I$14:$I$349,Flts!$D$14:$D$349),0) -> 0 | L86: =IFERROR(_xlfn.XLOOKUP(L84,Flts!$I$14:$I$349,Flts!$D$14:$D$349),0) -> 0 | M86: =IFERROR(_xlfn.XLOOKUP(M84,Flts!$I$14:$I$349,Flts!$D$14:$D$349),0) -> 0 | N86: =IFERROR(_xlfn.XLOOKUP(N84,Flts!$I$14:$I$349,Flts!$D$14:$D$349),0) -> 0 | O86: =IFERROR(_xlfn.XLOOKUP(O84,Flts!$I$14:$I$349,Flts!$D$14:$D$349),0) -> 0 | P86: =IFERROR(_xlfn.XLOOKUP(P84,Flts!$I$14:$I$349,Flts!$D$14:$D$349),0) -> 0 | Q86: =IFERROR(_xlfn.XLOOKUP(Q84,Flts!$I$14:$I$349,Flts!$D$14:$D$349),0) -> 0 | R86: =IFERROR(_xlfn.XLOOKUP(R84,Flts!$I$14:$I$349,Flts!$D$14:$D$349),0) -> 0
C87: =IFERROR(_xlfn.XLOOKUP(C84,Flts!$I$14:$I$349,Flts!$E$14:$E$349),0) -> 0 | D87: =IFERROR(_xlfn.XLOOKUP(D84,Flts!$I$14:$I$349,Flts!$E$14:$E$349),0) -> 0 | E87: =IFERROR(_xlfn.XLOOKUP(E84,Flts!$I$14:$I$349,Flts!$E$14:$E$349),0) -> 0 | F87: =IFERROR(_xlfn.XLOOKUP(F84,Flts!$I$14:$I$349,Flts!$E$14:$E$349),0) -> 0 | G87: =IFERROR(_xlfn.XLOOKUP(G84,Flts!$I$14:$I$349,Flts!$E$14:$E$349),0) -> 0 | L87: =IFERROR(_xlfn.XLOOKUP(L84,Flts!$I$14:$I$349,Flts!$E$14:$E$349),0) -> 0 | M87: =IFERROR(_xlfn.XLOOKUP(M84,Flts!$I$14:$I$349,Flts!$E$14:$E$349),0) -> 0 | N87: =IFERROR(_xlfn.XLOOKUP(N84,Flts!$I$14:$I$349,Flts!$E$14:$E$349),0) -> 0 | O87: =IFERROR(_xlfn.XLOOKUP(O84,Flts!$I$14:$I$349,Flts!$E$14:$E$349),0) -> 0 | P87: =IFERROR(_xlfn.XLOOKUP(P84,Flts!$I$14:$I$349,Flts!$E$14:$E$349),0) -> 0
B89: =IModulo&" ("&IProfesor&")" -> FPM-it-1-0237 Infra. comunes de teleco en viviendas y edificios (Rafa Sanz)
B91: 3 | C91: =DATE(YEAR(FechaInicio1Tri)+1,B91,1) -> 46082 | I91: =YEAR(FechaInicio1Tri)+1 -> 2026 | K91: 4 | L91: =DATE(YEAR(FechaInicio1Tri)+1,K91,1) -> 46113 | R91: =YEAR(FechaInicio1Tri)+1 -> 2026
B92: S | C92: Lun | D92: Mar | E92: Mié | F92: Jue | G92: Vie | H92: Sáb | I92: Dom | K92: S | L92: Lun | M92: Mar | N92: Mié | O92: Jue | P92: Vie | Q92: Sáb | R92: Dom
B93: =_xlfn.ISOWEEKNUM(C91) -> 9 | C93: =IF(WEEKDAY(C91,2)=1,C91,0) -> 0 | D93: =IF(WEEKDAY(C91,2)=2, C91, IF(WEEKDAY(C91,2)<2, C93+1,0)) -> 0 | E93: =IF(WEEKDAY(C91,2)=3, C91, IF(WEEKDAY(C91,2)<3, D93+1,0)) -> 0 | F93: =IF(WEEKDAY(C91,2)=4, C91, IF(WEEKDAY(C91,2)<4, E93+1,0)) -> 0 | G93: =IF(WEEKDAY(C91,2)=5, C91, IF(WEEKDAY(C91,2)<5, F93+1,0)) -> 0 | H93: =IF(WEEKDAY(C91,2)=6, C91, IF(WEEKDAY(C91,2)<6, G93+1,0)) -> 0 | I93: =IF(WEEKDAY(C91,2)=7, C91, IF(WEEKDAY(C91,2)<7, H93+1,0)) -> 46082 | K93: =_xlfn.ISOWEEKNUM(L91) -> 14 | L93: =IF(WEEKDAY(L91,2)=1,L91,0) -> 0 | M93: =IF(WEEKDAY(L91,2)=2, L91, IF(WEEKDAY(L91,2)<2, L93+1,0)) -> 0 | N93: =IF(WEEKDAY(L91,2)=3, L91, IF(WEEKDAY(L91,2)<3, M93+1,0)) -> 46113 | O93: =IF(WEEKDAY(L91,2)=4, L91, IF(WEEKDAY(L91,2)<4, N93+1,0)) -> 46114 | P93: =IF(WEEKDAY(L91,2)=5, L91, IF(WEEKDAY(L91,2)<5, O93+1,0)) -> 46115 | Q93: =IF(WEEKDAY(L91,2)=6, L91, IF(WEEKDAY(L91,2)<6, P93+1,0)) -> 46116 | R93: =IF(WEEKDAY(L91,2)=7, L91, IF(WEEKDAY(L91,2)<7, Q93+1,0)) -> 46117
C94: =IFERROR(_xlfn.XLOOKUP(C93,Flts!$I$14:$I$349,Flts!$C$14:$C$349),0) -> 0 | D94: =IFERROR(_xlfn.XLOOKUP(D93,Flts!$I$14:$I$349,Flts!$C$14:$C$349),0) -> 0 | E94: =IFERROR(_xlfn.XLOOKUP(E93,Flts!$I$14:$I$349,Flts!$C$14:$C$349),0) -> 0 | F94: =IFERROR(_xlfn.XLOOKUP(F93,Flts!$I$14:$I$349,Flts!$C$14:$C$349),0) -> 0 | G94: =IFERROR(_xlfn.XLOOKUP(G93,Flts!$I$14:$I$349,Flts!$C$14:$C$349),0) -> 0 | H94: =IFERROR(_xlfn.XLOOKUP(H93,Flts!$I$14:$I$349,Flts!$C$14:$C$349),0) -> 0 | I94: =IFERROR(_xlfn.XLOOKUP(I93,Flts!$I$14:$I$349,Flts!$C$14:$C$349),0) -> 0 | L94: =IFERROR(_xlfn.XLOOKUP(L93,Flts!$I$14:$I$349,Flts!$C$14:$C$349),0) -> 0 | M94: =IFERROR(_xlfn.XLOOKUP(M93,Flts!$I$14:$I$349,Flts!$C$14:$C$349),0) -> 0 | N94: =IFERROR(_xlfn.XLOOKUP(N93,Flts!$I$14:$I$349,Flts!$C$14:$C$349),0) -> S.Santa | O94: =IFERROR(_xlfn.XLOOKUP(O93,Flts!$I$14:$I$349,Flts!$C$14:$C$349),0) -> S.Santa | P94: =IFERROR(_xlfn.XLOOKUP(P93,Flts!$I$14:$I$349,Flts!$C$14:$C$349),0) -> S.Santa | Q94: =IFERROR(_xlfn.XLOOKUP(Q93,Flts!$I$14:$I$349,Flts!$C$14:$C$349),0) -> 0 | R94: =IFERROR(_xlfn.XLOOKUP(R93,Flts!$I$14:$I$349,Flts!$C$14:$C$349),0) -> 0
C95: =IFERROR(_xlfn.XLOOKUP(C93,Flts!$I$14:$I$349,Flts!$D$14:$D$349),0) -> 0 | D95: =IFERROR(_xlfn.XLOOKUP(D93,Flts!$I$14:$I$349,Flts!$D$14:$D$349),0) -> 0 | E95: =IFERROR(_xlfn.XLOOKUP(E93,Flts!$I$14:$I$349,Flts!$D$14:$D$349),0) -> 0 | F95: =IFERROR(_xlfn.XLOOKUP(F93,Flts!$I$14:$I$349,Flts!$D$14:$D$349),0) -> 0 | G95: =IFERROR(_xlfn.XLOOKUP(G93,Flts!$I$14:$I$349,Flts!$D$14:$D$349),0) -> 0 | H95: =IFERROR(_xlfn.XLOOKUP(H93,Flts!$I$14:$I$349,Flts!$D$14:$D$349),0) -> 0 | I95: =IFERROR(_xlfn.XLOOKUP(I93,Flts!$I$14:$I$349,Flts!$D$14:$D$349),0) -> 0 | L95: =IFERROR(_xlfn.XLOOKUP(L93,Flts!$I$14:$I$349,Flts!$D$14:$D$349),0) -> 0 | M95: =IFERROR(_xlfn.XLOOKUP(M93,Flts!$I$14:$I$349,Flts!$D$14:$D$349),0) -> 0 | N95: =IFERROR(_xlfn.XLOOKUP(N93,Flts!$I$14:$I$349,Flts!$D$14:$D$349),0) -> 0 | O95: =IFERROR(_xlfn.XLOOKUP(O93,Flts!$I$14:$I$349,Flts!$D$14:$D$349),0) -> 0 | P95: =IFERROR(_xlfn.XLOOKUP(P93,Flts!$I$14:$I$349,Flts!$D$14:$D$349),0) -> 0 | Q95: =IFERROR(_xlfn.XLOOKUP(Q93,Flts!$I$14:$I$349,Flts!$D$14:$D$349),0) -> 0 | R95: =IFERROR(_xlfn.XLOOKUP(R93,Flts!$I$14:$I$349,Flts!$D$14:$D$349),0) -> 0
C96: =IFERROR(_xlfn.XLOOKUP(C93,Flts!$I$14:$I$349,Flts!$E$14:$E$349),0) -> 0 | D96: =IFERROR(_xlfn.XLOOKUP(D93,Flts!$I$14:$I$349,Flts!$E$14:$E$349),0) -> 0 | E96: =IFERROR(_xlfn.XLOOKUP(E93,Flts!$I$14:$I$349,Flts!$E$14:$E$349),0) -> 0 | F96: =IFERROR(_xlfn.XLOOKUP(F93,Flts!$I$14:$I$349,Flts!$E$14:$E$349),0) -> 0 | G96: =IFERROR(_xlfn.XLOOKUP(G93,Flts!$I$14:$I$349,Flts!$E$14:$E$349),0) -> 0 | L96: =IFERROR(_xlfn.XLOOKUP(L93,Flts!$I$14:$I$349,Flts!$E$14:$E$349),0) -> 0 | M96: =IFERROR(_xlfn.XLOOKUP(M93,Flts!$I$14:$I$349,Flts!$E$14:$E$349),0) -> 0 | N96: =IFERROR(_xlfn.XLOOKUP(N93,Flts!$I$14:$I$349,Flts!$E$14:$E$349),0) -> 0 | O96: =IFERROR(_xlfn.XLOOKUP(O93,Flts!$I$14:$I$349,Flts!$E$14:$E$349),0) -> 0 | P96: =IFERROR(_xlfn.XLOOKUP(P93,Flts!$I$14:$I$349,Flts!$E$14:$E$349),0) -> 0
B97: =_xlfn.ISOWEEKNUM(C97) -> 10 | C97: =I93+1 -> 46083 | D97: =C97+1 -> 46084 | E97: =D97+1 -> 46085 | F97: =E97+1 -> 46086 | G97: =F97+1 -> 46087 | H97: =G97+1 -> 46088 | I97: =H97+1 -> 46089 | K97: =_xlfn.ISOWEEKNUM(L97) -> 15 | L97: =R93+1 -> 46118 | M97: =L97+1 -> 46119 | N97: =M97+1 -> 46120 | O97: =N97+1 -> 46121 | P97: =O97+1 -> 46122 | Q97: =P97+1 -> 46123 | R97: =Q97+1 -> 46124
C98: =IFERROR(_xlfn.XLOOKUP(C97,Flts!$I$14:$I$349,Flts!$C$14:$C$349),0) -> 0 | D98: =IFERROR(_xlfn.XLOOKUP(D97,Flts!$I$14:$I$349,Flts!$C$14:$C$349),0) -> 0 | E98: =IFERROR(_xlfn.XLOOKUP(E97,Flts!$I$14:$I$349,Flts!$C$14:$C$349),0) -> 0 | F98: =IFERROR(_xlfn.XLOOKUP(F97,Flts!$I$14:$I$349,Flts!$C$14:$C$349),0) -> 0 | G98: =IFERROR(_xlfn.XLOOKUP(G97,Flts!$I$14:$I$349,Flts!$C$14:$C$349),0) -> Cincomarzada | H98: =IFERROR(_xlfn.XLOOKUP(H97,Flts!$I$14:$I$349,Flts!$C$14:$C$349),0) -> 0 | I98: =IFERROR(_xlfn.XLOOKUP(I97,Flts!$I$14:$I$349,Flts!$C$14:$C$349),0) -> 0 | L98: =IFERROR(_xlfn.XLOOKUP(L97,Flts!$I$14:$I$349,Flts!$C$14:$C$349),0) -> S.Santa | M98: =IFERROR(_xlfn.XLOOKUP(M97,Flts!$I$14:$I$349,Flts!$C$14:$C$349),0) -> 0 | N98: =IFERROR(_xlfn.XLOOKUP(N97,Flts!$I$14:$I$349,Flts!$C$14:$C$349),0) -> 0 | O98: =IFERROR(_xlfn.XLOOKUP(O97,Flts!$I$14:$I$349,Flts!$C$14:$C$349),0) -> 0 | P98: =IFERROR(_xlfn.XLOOKUP(P97,Flts!$I$14:$I$349,Flts!$C$14:$C$349),0) -> 0 | Q98: =IFERROR(_xlfn.XLOOKUP(Q97,Flts!$I$14:$I$349,Flts!$C$14:$C$349),0) -> 0 | R98: =IFERROR(_xlfn.XLOOKUP(R97,Flts!$I$14:$I$349,Flts!$C$14:$C$349),0) -> 0
C99: =IFERROR(_xlfn.XLOOKUP(C97,Flts!$I$14:$I$349,Flts!$D$14:$D$349),0) -> 2ºGx-InicioFE | D99: =IFERROR(_xlfn.XLOOKUP(D97,Flts!$I$14:$I$349,Flts!$D$14:$D$349),0) -> 2ºGx-Reclama+1d | E99: =IFERROR(_xlfn.XLOOKUP(E97,Flts!$I$14:$I$349,Flts!$D$14:$D$349),0) -> 0 | F99: =IFERROR(_xlfn.XLOOKUP(F97,Flts!$I$14:$I$349,Flts!$D$14:$D$349),0) -> 0 | G99: =IFERROR(_xlfn.XLOOKUP(G97,Flts!$I$14:$I$349,Flts!$D$14:$D$349),0) -> 0 | H99: =IFERROR(_xlfn.XLOOKUP(H97,Flts!$I$14:$I$349,Flts!$D$14:$D$349),0) -> 0 | I99: =IFERROR(_xlfn.XLOOKUP(I97,Flts!$I$14:$I$349,Flts!$D$14:$D$349),0) -> 0 | L99: =IFERROR(_xlfn.XLOOKUP(L97,Flts!$I$14:$I$349,Flts!$D$14:$D$349),0) -> 0 | M99: =IFERROR(_xlfn.XLOOKUP(M97,Flts!$I$14:$I$349,Flts!$D$14:$D$349),0) -> 0 | N99: =IFERROR(_xlfn.XLOOKUP(N97,Flts!$I$14:$I$349,Flts!$D$14:$D$349),0) -> 0 | O99: =IFERROR(_xlfn.XLOOKUP(O97,Flts!$I$14:$I$349,Flts!$D$14:$D$349),0) -> 0 | P99: =IFERROR(_xlfn.XLOOKUP(P97,Flts!$I$14:$I$349,Flts!$D$14:$D$349),0) -> 0 | Q99: =IFERROR(_xlfn.XLOOKUP(Q97,Flts!$I$14:$I$349,Flts!$D$14:$D$349),0) -> 0 | R99: =IFERROR(_xlfn.XLOOKUP(R97,Flts!$I$14:$I$349,Flts!$D$14:$D$349),0) -> 0
C100: =IFERROR(_xlfn.XLOOKUP(C97,Flts!$I$14:$I$349,Flts!$E$14:$E$349),0) | D100: =IFERROR(_xlfn.XLOOKUP(D97,Flts!$I$14:$I$349,Flts!$E$14:$E$349),0) | E100: =IFERROR(_xlfn.XLOOKUP(E97,Flts!$I$14:$I$349,Flts!$E$14:$E$349),0) | F100: =IFERROR(_xlfn.XLOOKUP(F97,Flts!$I$14:$I$349,Flts!$E$14:$E$349),0) | G100: =IFERROR(_xlfn.XLOOKUP(G97,Flts!$I$14:$I$349,Flts!$E$14:$E$349),0) -> 0 | L100: =IFERROR(_xlfn.XLOOKUP(L97,Flts!$I$14:$I$349,Flts!$E$14:$E$349),0) -> 0 | M100: =IFERROR(_xlfn.XLOOKUP(M97,Flts!$I$14:$I$349,Flts!$E$14:$E$349),0) | N100: =IFERROR(_xlfn.XLOOKUP(N97,Flts!$I$14:$I$349,Flts!$E$14:$E$349),0) | O100: =IFERROR(_xlfn.XLOOKUP(O97,Flts!$I$14:$I$349,Flts!$E$14:$E$349),0) | P100: =IFERROR(_xlfn.XLOOKUP(P97,Flts!$I$14:$I$349,Flts!$E$14:$E$349),0)
B101: =B97+1 -> 11 | C101: =I97+1 -> 46090 | D101: =C101+1 -> 46091 | E101: =D101+1 -> 46092 | F101: =E101+1 -> 46093 | G101: =F101+1 -> 46094 | H101: =G101+1 -> 46095 | I101: =H101+1 -> 46096 | K101: =K97+1 -> 16 | L101: =R97+1 -> 46125 | M101: =L101+1 -> 46126 | N101: =M101+1 -> 46127 | O101: =N101+1 -> 46128 | P101: =O101+1 -> 46129 | Q101: =P101+1 -> 46130 | R101: =Q101+1 -> 46131
C102: =IFERROR(_xlfn.XLOOKUP(C101,Flts!$I$14:$I$349,Flts!$C$14:$C$349),0) -> 0 | D102: =IFERROR(_xlfn.XLOOKUP(D101,Flts!$I$14:$I$349,Flts!$C$14:$C$349),0) -> 0 | E102: =IFERROR(_xlfn.XLOOKUP(E101,Flts!$I$14:$I$349,Flts!$C$14:$C$349),0) -> 0 | F102: =IFERROR(_xlfn.XLOOKUP(F101,Flts!$I$14:$I$349,Flts!$C$14:$C$349),0) -> 0 | G102: =IFERROR(_xlfn.XLOOKUP(G101,Flts!$I$14:$I$349,Flts!$C$14:$C$349),0) -> 0 | H102: =IFERROR(_xlfn.XLOOKUP(H101,Flts!$I$14:$I$349,Flts!$C$14:$C$349),0) -> 0 | I102: =IFERROR(_xlfn.XLOOKUP(I101,Flts!$I$14:$I$349,Flts!$C$14:$C$349),0) -> 0 | L102: =IFERROR(_xlfn.XLOOKUP(L101,Flts!$I$14:$I$349,Flts!$C$14:$C$349),0) -> 0 | M102: =IFERROR(_xlfn.XLOOKUP(M101,Flts!$I$14:$I$349,Flts!$C$14:$C$349),0) -> 0 | N102: =IFERROR(_xlfn.XLOOKUP(N101,Flts!$I$14:$I$349,Flts!$C$14:$C$349),0) -> 0 | O102: =IFERROR(_xlfn.XLOOKUP(O101,Flts!$I$14:$I$349,Flts!$C$14:$C$349),0) -> 0 | P102: =IFERROR(_xlfn.XLOOKUP(P101,Flts!$I$14:$I$349,Flts!$C$14:$C$349),0) -> 0 | Q102: =IFERROR(_xlfn.XLOOKUP(Q101,Flts!$I$14:$I$349,Flts!$C$14:$C$349),0) -> 0 | R102: =IFERROR(_xlfn.XLOOKUP(R101,Flts!$I$14:$I$349,Flts!$C$14:$C$349),0) -> 0
C103: =IFERROR(_xlfn.XLOOKUP(C101,Flts!$I$14:$I$349,Flts!$D$14:$D$349),0) -> 0 | D103: =IFERROR(_xlfn.XLOOKUP(D101,Flts!$I$14:$I$349,Flts!$D$14:$D$349),0) -> 0 | E103: =IFERROR(_xlfn.XLOOKUP(E101,Flts!$I$14:$I$349,Flts!$D$14:$D$349),0) -> 1ºGx-Junta 2ªEv. | F103: =IFERROR(_xlfn.XLOOKUP(F101,Flts!$I$14:$I$349,Flts!$D$14:$D$349),0) -> 0 | G103: =IFERROR(_xlfn.XLOOKUP(G101,Flts!$I$14:$I$349,Flts!$D$14:$D$349),0) -> 1ºGx-Boletín 2ªEv. | H103: =IFERROR(_xlfn.XLOOKUP(H101,Flts!$I$14:$I$349,Flts!$D$14:$D$349),0) -> 0 | I103: =IFERROR(_xlfn.XLOOKUP(I101,Flts!$I$14:$I$349,Flts!$D$14:$D$349),0) -> 0 | L103: =IFERROR(_xlfn.XLOOKUP(L101,Flts!$I$14:$I$349,Flts!$D$14:$D$349),0) -> 0 | M103: =IFERROR(_xlfn.XLOOKUP(M101,Flts!$I$14:$I$349,Flts!$D$14:$D$349),0) -> 0 | N103: =IFERROR(_xlfn.XLOOKUP(N101,Flts!$I$14:$I$349,Flts!$D$14:$D$349),0) -> 0 | O103: =IFERROR(_xlfn.XLOOKUP(O101,Flts!$I$14:$I$349,Flts!$D$14:$D$349),0) -> 0 | P103: =IFERROR(_xlfn.XLOOKUP(P101,Flts!$I$14:$I$349,Flts!$D$14:$D$349),0) -> 0 | Q103: =IFERROR(_xlfn.XLOOKUP(Q101,Flts!$I$14:$I$349,Flts!$D$14:$D$349),0) -> 0 | R103: =IFERROR(_xlfn.XLOOKUP(R101,Flts!$I$14:$I$349,Flts!$D$14:$D$349),0) -> 0
C104: =IFERROR(_xlfn.XLOOKUP(C101,Flts!$I$14:$I$349,Flts!$E$14:$E$349),0) | D104: =IFERROR(_xlfn.XLOOKUP(D101,Flts!$I$14:$I$349,Flts!$E$14:$E$349),0) | E104: =IFERROR(_xlfn.XLOOKUP(E101,Flts!$I$14:$I$349,Flts!$E$14:$E$349),0) | F104: =IFERROR(_xlfn.XLOOKUP(F101,Flts!$I$14:$I$349,Flts!$E$14:$E$349),0) | G104: =IFERROR(_xlfn.XLOOKUP(G101,Flts!$I$14:$I$349,Flts!$E$14:$E$349),0) | L104: =IFERROR(_xlfn.XLOOKUP(L101,Flts!$I$14:$I$349,Flts!$E$14:$E$349),0) | M104: =IFERROR(_xlfn.XLOOKUP(M101,Flts!$I$14:$I$349,Flts!$E$14:$E$349),0) | N104: =IFERROR(_xlfn.XLOOKUP(N101,Flts!$I$14:$I$349,Flts!$E$14:$E$349),0) | O104: =IFERROR(_xlfn.XLOOKUP(O101,Flts!$I$14:$I$349,Flts!$E$14:$E$349),0) | P104: =IFERROR(_xlfn.XLOOKUP(P101,Flts!$I$14:$I$349,Flts!$E$14:$E$349),0)
B105: =B101+1 -> 12 | C105: =I101+1 -> 46097 | D105: =C105+1 -> 46098 | E105: =D105+1 -> 46099 | F105: =E105+1 -> 46100 | G105: =F105+1 -> 46101 | H105: =G105+1 -> 46102 | I105: =H105+1 -> 46103 | K105: =K101+1 -> 17 | L105: =R101+1 -> 46132 | M105: =L105+1 -> 46133 | N105: =M105+1 -> 46134 | O105: =N105+1 -> 46135 | P105: =O105+1 -> 46136 | Q105: =P105+1 -> 46137 | R105: =Q105+1 -> 46138
C106: =IFERROR(_xlfn.XLOOKUP(C105,Flts!$I$14:$I$349,Flts!$C$14:$C$349),0) -> 0 | D106: =IFERROR(_xlfn.XLOOKUP(D105,Flts!$I$14:$I$349,Flts!$C$14:$C$349),0) -> 0 | E106: =IFERROR(_xlfn.XLOOKUP(E105,Flts!$I$14:$I$349,Flts!$C$14:$C$349),0) -> 0 | F106: =IFERROR(_xlfn.XLOOKUP(F105,Flts!$I$14:$I$349,Flts!$C$14:$C$349),0) -> 0 | G106: =IFERROR(_xlfn.XLOOKUP(G105,Flts!$I$14:$I$349,Flts!$C$14:$C$349),0) -> 0 | H106: =IFERROR(_xlfn.XLOOKUP(H105,Flts!$I$14:$I$349,Flts!$C$14:$C$349),0) -> 0 | I106: =IFERROR(_xlfn.XLOOKUP(I105,Flts!$I$14:$I$349,Flts!$C$14:$C$349),0) -> 0 | L106: =IFERROR(_xlfn.XLOOKUP(L105,Flts!$I$14:$I$349,Flts!$C$14:$C$349),0) -> 0 | M106: =IFERROR(_xlfn.XLOOKUP(M105,Flts!$I$14:$I$349,Flts!$C$14:$C$349),0) -> 0 | N106: =IFERROR(_xlfn.XLOOKUP(N105,Flts!$I$14:$I$349,Flts!$C$14:$C$349),0) -> 0 | O106: =IFERROR(_xlfn.XLOOKUP(O105,Flts!$I$14:$I$349,Flts!$C$14:$C$349),0) -> S.Jorge | P106: =IFERROR(_xlfn.XLOOKUP(P105,Flts!$I$14:$I$349,Flts!$C$14:$C$349),0) -> S.Jorge | Q106: =IFERROR(_xlfn.XLOOKUP(Q105,Flts!$I$14:$I$349,Flts!$C$14:$C$349),0) -> 0 | R106: =IFERROR(_xlfn.XLOOKUP(R105,Flts!$I$14:$I$349,Flts!$C$14:$C$349),0) -> 0
C107: =IFERROR(_xlfn.XLOOKUP(C105,Flts!$I$14:$I$349,Flts!$D$14:$D$349),0) -> 0 | D107: =IFERROR(_xlfn.XLOOKUP(D105,Flts!$I$14:$I$349,Flts!$D$14:$D$349),0) -> 0 | E107: =IFERROR(_xlfn.XLOOKUP(E105,Flts!$I$14:$I$349,Flts!$D$14:$D$349),0) -> 2ºGx-Ini.FCT | F107: =IFERROR(_xlfn.XLOOKUP(F105,Flts!$I$14:$I$349,Flts!$D$14:$D$349),0) -> 0 | G107: =IFERROR(_xlfn.XLOOKUP(G105,Flts!$I$14:$I$349,Flts!$D$14:$D$349),0) -> 0 | H107: =IFERROR(_xlfn.XLOOKUP(H105,Flts!$I$14:$I$349,Flts!$D$14:$D$349),0) -> 0 | I107: =IFERROR(_xlfn.XLOOKUP(I105,Flts!$I$14:$I$349,Flts!$D$14:$D$349),0) -> 0 | L107: =IFERROR(_xlfn.XLOOKUP(L105,Flts!$I$14:$I$349,Flts!$D$14:$D$349),0) -> 0 | M107: =IFERROR(_xlfn.XLOOKUP(M105,Flts!$I$14:$I$349,Flts!$D$14:$D$349),0) -> 0 | N107: =IFERROR(_xlfn.XLOOKUP(N105,Flts!$I$14:$I$349,Flts!$D$14:$D$349),0) -> 0 | O107: =IFERROR(_xlfn.XLOOKUP(O105,Flts!$I$14:$I$349,Flts!$D$14:$D$349),0) -> 0 | P107: =IFERROR(_xlfn.XLOOKUP(P105,Flts!$I$14:$I$349,Flts!$D$14:$D$349),0) -> 0 | Q107: =IFERROR(_xlfn.XLOOKUP(Q105,Flts!$I$14:$I$349,Flts!$D$14:$D$349),0) -> 0 | R107: =IFERROR(_xlfn.XLOOKUP(R105,Flts!$I$14:$I$349,Flts!$D$14:$D$349),0) -> 0
...

Sheet Almnd
A1: Alumnado | L1: =FechaHoy -> 46099
B2: =IModulo&" ("&IProfesor&")" -> FPM-it-1-0237 Infra. comunes de teleco en viviendas y edificios (Rafa Sanz)
B3: Cód.AN | C3: Estado | D3: Apellidos | E3: Nombre | F3: Nacimiento | G3: Repite | H3: Matrícula | I3: Edad | J3: Comentarios | K3: email | L3: Móvil
B4: =IF(AlEs01="Alta","AN01","") -> AN01 | C4: Alta | D4: ap1 -- | E4: nom1 -- | I4: =IF(F4<>"",INT(_xlfn.DAYS(FechaHoy,F4)/365),"")
B5: =IF(AlEs02="Alta","AN02","") -> AN02 | C5: Alta | D5: ap2 -- | E5: nom2 -- | I5: =IF(F5<>"",INT(_xlfn.DAYS(FechaHoy,F5)/365),"")
B6: =IF(AlEs03="Alta","AN03","") -> AN03 | C6: Alta | D6: ap3 -- | E6: nom3 -- | I6: =IF(F6<>"",INT(_xlfn.DAYS(FechaHoy,F6)/365),"")
B7: =IF(AlEs04="Alta","AN04","") -> AN04 | C7: Alta | D7: ap4 -- | E7: nom4 -- | I7: =IF(F7<>"",INT(_xlfn.DAYS(FechaHoy,F7)/365),"")
B8: =IF(AlEs05="Alta","AN05","") -> AN05 | C8: Alta | D8: ap5---- | E8: nom5----- | I8: =IF(F8<>"",INT(_xlfn.DAYS(FechaHoy,F8)/365),"")
B9: =IF(AlEs06="Alta","AN06","") -> AN06 | C9: Alta | D9: ap6------ | E9: nom6----- | I9: =IF(F9<>"",INT(_xlfn.DAYS(FechaHoy,F9)/365),"")
B10: =IF(AlEs07="Alta","AN07","") | I10: =IF(F10<>"",INT(_xlfn.DAYS(FechaHoy,F10)/365),"")
B11: =IF(AlEs08="Alta","AN08","") | I11: =IF(F11<>"",INT(_xlfn.DAYS(FechaHoy,F11)/365),"")
B12: =IF(AlEs09="Alta","AN09","") | I12: =IF(F12<>"",INT(_xlfn.DAYS(FechaHoy,F12)/365),"")
B13: =IF(AlEs10="Alta","AN10","") | I13: =IF(F13<>"",INT(_xlfn.DAYS(FechaHoy,F13)/365),"")
B14: =IF(AlEs11="Alta","AN11","") | I14: =IF(F14<>"",INT(_xlfn.DAYS(FechaHoy,F14)/365),"")
B15: =IF(AlEs12="Alta","AN12","") | I15: =IF(F15<>"",INT(_xlfn.DAYS(FechaHoy,F15)/365),"")
B16: =IF(AlEs13="Alta","AN13","") | I16: =IF(F16<>"",INT(_xlfn.DAYS(FechaHoy,F16)/365),"")
B17: =IF(AlEs14="Alta","AN14","") | I17: =IF(F17<>"",INT(_xlfn.DAYS(FechaHoy,F17)/365),"")
B18: =IF(AlEs15="Alta","AN15","") | I18: =IF(F18<>"",INT(_xlfn.DAYS(FechaHoy,F18)/365),"")
B19: =IF(AlEs16="Alta","AN16","") | I19: =IF(F19<>"",INT(_xlfn.DAYS(FechaHoy,F19)/365),"")
B20: =IF(AlEs17="Alta","AN17","") | I20: =IF(F20<>"",INT(_xlfn.DAYS(FechaHoy,F20)/365),"")
B21: =IF(AlEs18="Alta","AN18","") | I21: =IF(F21<>"",INT(_xlfn.DAYS(FechaHoy,F21)/365),"")
B22: =IF(AlEs19="Alta","AN19","") | I22: =IF(F22<>"",INT(_xlfn.DAYS(FechaHoy,F22)/365),"")
B23: =IF(AlEs20="Alta","AN20","") | I23: =IF(F23<>"",INT(_xlfn.DAYS(FechaHoy,F23)/365),"")
B24: =IF(AlEs21="Alta","AN21","") | I24: =IF(F24<>"",INT(_xlfn.DAYS(FechaHoy,F24)/365),"")
B25: =IF(AlEs22="Alta","AN22","") | I25: =IF(F25<>"",INT(_xlfn.DAYS(FechaHoy,F25)/365),"")
B26: =IF(AlEs23="Alta","AN23","") | I26: =IF(F26<>"",INT(_xlfn.DAYS(FechaHoy,F26)/365),"")
B27: =IF(AlEs24="Alta","AN24","") | I27: =IF(F27<>"",INT(_xlfn.DAYS(FechaHoy,F27)/365),"")
B28: =IF(AlEs25="Alta","AN25","") | I28: =IF(F28<>"",INT(_xlfn.DAYS(FechaHoy,F28)/365),"")
B29: =IF(AlEs26="Alta","AN26","") | I29: =IF(F29<>"",INT(_xlfn.DAYS(FechaHoy,F29)/365),"")
B30: =IF(AlEs27="Alta","AN27","") | I30: =IF(F30<>"",INT(_xlfn.DAYS(FechaHoy,F30)/365),"")
B31: =IF(AlEs28="Alta","AN28","") | I31: =IF(F31<>"",INT(_xlfn.DAYS(FechaHoy,F31)/365),"")
B32: =IF(AlEs29="Alta","AN29","") | I32: =IF(F32<>"",INT(_xlfn.DAYS(FechaHoy,F32)/365),"")
B33: =IF(AlEs30="Alta","AN30","") | I33: =IF(F33<>"",INT(_xlfn.DAYS(FechaHoy,F33)/365),"")
B34: Activos | C34: =COUNTIF(C4:C33,"Alta") -> 6 | L34: =IModulo&" ("&IProfesor&")" -> FPM-it-1-0237 Infra. comunes de teleco en viviendas y edificios (Rafa Sanz)

Sheet Flts
A1: Faltas | AT1: =FechaHoy -> 46099
B2: =IModulo&" ("&IProfesor&")" -> FPM-it-1-0237 Infra. comunes de teleco en viviendas y edificios (Rafa Sanz)
K3: Alumnado | L3: =AlNo01&CHAR(10)&AlAp01 -> nom1 -- ap1 -- | M3: =AlNo02&CHAR(10)&AlAp02 -> nom2 -- ap2 -- | N3: =AlNo03&CHAR(10)&AlAp03 -> nom3 -- ap3 -- | O3: =AlNo04&CHAR(10)&AlAp04 -> nom4 -- ap4 -- | P3: =AlNo05&CHAR(10)&AlAp05 -> nom5----- ap5---- | Q3: =AlNo06&CHAR(10)&AlAp06 -> nom6----- ap6------ | R3: =AlNo07&CHAR(10)&AlAp07 | S3: =AlNo08&CHAR(10)&AlAp08 | T3: =AlNo09&CHAR(10)&AlAp09 | U3: =AlNo10&CHAR(10)&AlAp10 | V3: =AlNo11&CHAR(10)&AlAp11 | W3: =AlNo12&CHAR(10)&AlAp12 | X3: =AlNo13&CHAR(10)&AlAp13 | Y3: =AlNo14&CHAR(10)&AlAp14 | Z3: =AlNo15&CHAR(10)&AlAp15 | AA3: =AlNo16&CHAR(10)&AlAp16 | AB3: =AlNo17&CHAR(10)&AlAp17 | AC3: =AlNo18&CHAR(10)&AlAp18 | AD3: =AlNo19&CHAR(10)&AlAp19 | AE3: =AlNo20&CHAR(10)&AlAp20 | AF3: =AlNo21&CHAR(10)&AlAp21 | AG3: =AlNo22&CHAR(10)&AlAp22 | AH3: =AlNo23&CHAR(10)&AlAp23 | AI3: =AlNo24&CHAR(10)&AlAp24 | AJ3: =AlNo25&CHAR(10)&AlAp25 | AK3: =AlNo26&CHAR(10)&AlAp26 | AL3: =AlNo27&CHAR(10)&AlAp27 | AM3: =AlNo28&CHAR(10)&AlAp28 | AN3: =AlNo29&CHAR(10)&AlAp29 | AO3: =AlNo30&CHAR(10)&AlAp30
C4: Horas | D4: H.Real | E4: 1º Tri. | F4: 2º Tri. | G4: 3º Tri. | K4: Cód.AN | L4: =AlCo01 -> AN01 | M4: =AlCo02 -> AN02 | N4: =AlCo03 -> AN03 | O4: =AlCo04 -> AN04 | P4: =AlCo05 -> AN05 | Q4: =AlCo06 -> AN06 | R4: =AlCo07 | S4: =AlCo08 | T4: =AlCo09 | U4: =AlCo10 | V4: =AlCo11 | W4: =AlCo12 | X4: =AlCo13 | Y4: =AlCo14 | Z4: =AlCo15 | AA4: =AlCo16 | AB4: =AlCo17 | AC4: =AlCo18 | AD4: =AlCo19 | AE4: =AlCo20 | AF4: =AlCo21 | AG4: =AlCo22 | AH4: =AlCo23 | AI4: =AlCo24 | AJ4: =AlCo25 | AK4: =AlCo26 | AL4: =AlCo27 | AM4: =AlCo28 | AN4: =AlCo29 | AO4: =AlCo30
C5: Previstas | D5: =HReal -> 138 | E5: =SUMIF($AP$14:$AP$349,"X",$AS$14:$AS$349) -> 52 | F5: =SUMIF($AQ$14:$AQ$349,"X",$AS$14:$AS$349) -> 40 | G5: =SUMIF($AR$14:$AR$349,"X",$AS$14:$AS$349) -> 46 | K5: Estado | L5: =AlEs01 -> Alta | M5: =AlEs02 -> Alta | N5: =AlEs03 -> Alta | O5: =AlEs04 -> Alta | P5: =AlEs05 -> Alta | Q5: =AlEs06 -> Alta | R5: =AlEs07 -> 0 | S5: =AlEs08 -> 0 | T5: =AlEs09 -> 0 | U5: =AlEs10 -> 0 | V5: =AlEs11 -> 0 | W5: =AlEs12 -> 0 | X5: =AlEs13 -> 0 | Y5: =AlEs14 -> 0 | Z5: =AlEs15 -> 0 | AA5: =AlEs16 -> 0 | AB5: =AlEs17 -> 0 | AC5: =AlEs18 -> 0 | AD5: =AlEs19 -> 0 | AE5: =AlEs20 -> 0 | AF5: =AlEs21 -> 0 | AG5: =AlEs22 -> 0 | AH5: =AlEs23 -> 0 | AI5: =AlEs24 -> 0 | AJ5: =AlEs25 -> 0 | AK5: =AlEs26 -> 0 | AL5: =AlEs27 -> 0 | AM5: =AlEs28 -> 0 | AN5: =AlEs29 -> 0 | AO5: =AlEs30 -> 0
C6: Impartidas | D6: =SUM(E6:G6) -> 95 | E6: =SUMIF($AP$14:$AP$349,"X",$AT$14:$AT$349) -> 52 | F6: =SUMIF($AQ$14:$AQ$349,"X",$AT$14:$AT$349) -> 40 | G6: =SUMIF($AR$14:$AR$349,"X",$AT$14:$AT$349) -> 3 | K6: Faltas | L6: =SUM(L7:L9) -> 0 | M6: =SUM(M7:M9) -> 0 | N6: =SUM(N7:N9) -> 0 | O6: =SUM(O7:O9) -> 0 | P6: =SUM(P7:P9) -> 0 | Q6: =SUM(Q7:Q9) -> 0 | R6: =SUM(R7:R9) -> 0 | S6: =SUM(S7:S9) -> 0 | ... AO6: =SUM(AO7:AO9) -> 0
C7: Restantes | D7: =D5-D6 -> 43 | E7: =E5-E6 -> 0 | F7: =F5-F6 -> 0 | G7: =G5-G6 -> 43 | K7: 1º Tri. | L7: =HImp1Tri-SUMIF($AP$14:$AP$349,"X",L$14:L$349) -> 0 | M7: =HImp1Tri-SUMIF($AP$14:$AP$349,"X",M$14:M$349) -> 0 | N7: =HImp1Tri-SUMIF($AP$14:$AP$349,"X",N$14:N$349) -> 0 | O7: =HImp1Tri-SUMIF($AP$14:$AP$349,"X",O$14:O$349) -> 0 | P7: =HImp1Tri-SUMIF($AP$14:$AP$349,"X",P$14:P$349) -> 0 | Q7: =HImp1Tri-SUMIF($AP$14:$AP$349,"X",Q$14:Q$349) -> 0 | R7: =HImp1Tri-SUMIF($AP$14:$AP$349,"X",R$14:R$349) -> 0 | S7: =HImp1Tri-SUMIF($AP$14:$AP$349,"X",S$14:S$349) -> 0 | ... AO7: =HImp1Tri-SUMIF($AP$14:$AP$349,"X",AO$14:AO$349) -> 0
C8: Perdida Ev. C | D8: =SUM(E8:G8) -> 20.7 | E8: =E5*PEv -> 7.8 | F8: =F5*PEv -> 6 | G8: =G5*PEv -> 6.9 | K8: 2º Tri. | L8: =HImp2Tri-SUMIF($AQ$14:$AQ$349,"X",L$14:L$349) -> 0 | M8: =HImp2Tri-SUMIF($AQ$14:$AQ$349,"X",M$14:M$349) -> 0 | N8: =HImp2Tri-SUMIF($AQ$14:$AQ$349,"X",N$14:N$349) -> 0 | O8: =HImp2Tri-SUMIF($AQ$14:$AQ$349,"X",O$14:O$349) -> 0 | P8: =HImp2Tri-SUMIF($AQ$14:$AQ$349,"X",P$14:P$349) -> 0 | Q8: =HImp2Tri-SUMIF($AQ$14:$AQ$349,"X",Q$14:Q$349) -> 0 | R8: =HImp2Tri-SUMIF($AQ$14:$AQ$349,"X",R$14:R$349) -> 0 | S8: =HImp2Tri-SUMIF($AQ$14:$AQ$349,"X",S$14:S$349) -> 0 | ... AO8: =HImp2Tri-SUMIF($AQ$14:$AQ$349,"X",AO$14:AO$349) -> 0
K9: 3º Tri. | L9: =HImp3Tri-SUMIF($AR$14:$AR$349,"X",L$14:L$349) -> 0 | M9: =HImp3Tri-SUMIF($AR$14:$AR$349,"X",M$14:M$349) -> 0 | N9: =HImp3Tri-SUMIF($AR$14:$AR$349,"X",N$14:N$349) -> 0 | O9: =HImp3Tri-SUMIF($AR$14:$AR$349,"X",O$14:O$349) -> 0 | P9: =HImp3Tri-SUMIF($AR$14:$AR$349,"X",P$14:P$349) -> 0 | Q9: =HImp3Tri-SUMIF($AR$14:$AR$349,"X",Q$14:Q$349) -> 0 | R9: =HImp3Tri-SUMIF($AR$14:$AR$349,"X",R$14:R$349) -> 0 | S9: =HImp3Tri-SUMIF($AR$14:$AR$349,"X",S$14:S$349) -> 0 | ... AO9: =HImp3Tri-SUMIF($AR$14:$AR$349,"X",AO$14:AO$349) -> 0
B10: % Impartido | C10: Fechas | E10: Unidades didácticas | I10: Resumen
B11: Día | C11: Festivos | D11: Relevantes | E11: Previstas | F11: Impartidas | G11: Horas Pr. | H11: Clase Nº. | I11: Fecha | J11: Desviación | K11: Corrección | AP11: 1º Tri. | AQ11: 2º Tri. | AR11: 3º Tri. | AS11: H./día Pr. | AT11: H./día Im. | AU11: Ʃ H. Pr. | AV11: Ʃ H. Im.
B12: =MID(Info!$AZ$5,(MONTH(I14)-1)*3+1,3)&" "&YEAR(I14) -> 2025 | AP12: =SUMIF(AP14:AP43,"X",$AS14:$AS43) -> 12 | AQ12: =SUMIF(AQ14:AQ44,"X",$AS14:$AS44) -> 0 | AR12: =SUMIF(AR14:AR44,"X",$AS14:$AS44) -> 0
B13: =IFERROR(SUM(AP13:AR13)/SUM(AP12:AR12),"--") -> 1 | AP13: =SUMIF(AP14:AP44,"X",$AT14:$AT44) -> 12 | AQ13: =SUMIF(AQ14:AQ44,"X",$AT14:$AT44) -> 0 | AR13: =SUMIF(AR14:AR44,"X",$AT14:$AT44) -> 0
B14: =MID(Info!$AZ$3,(WEEKDAY(I14,2)-1)*3+1,3) -> Lun | C14: =_xlfn.XLOOKUP(I14,Fchs!$C$60:$C$101,Fchs!$D$60:$D$101,0) -> 0 | D14: =_xlfn.XLOOKUP(I14,Fchs!$C$60:$C$101,Fchs!$E$60:$E$101) -> 0 | E14: =IF($AS14<>0,_xlfn.XLOOKUP($G14,UDs!$E$34:$E$55,UDs!$B$34:$B$55,,-1),0) -> 0 | F14: =IF(AT14<>0,E14,0) -> 0 | G14: =IF(AU14<>0,MAX($AU$13:$AU13)+1,0) -> 0 | H14: =IF(AS14<>0,COUNT($H13:H$14,1),"") | I14: =DATE(YEAR(FechaInicio1Tri),MONTH(FechaInicio1Tri),1) -> 45901 | L14: =$AT14 -> 0 | M14: =$AT14 -> 0 | N14: =$AT14 -> 0 | O14: =$AT14 -> 0 | P14: =$AT14 -> 0 | Q14: =$AT14 -> 0 | R14: =$AT14 -> 0 | S14: =$AT14 -> 0 | ... AO14: =$AT14 -> 0 | AP14: =IF(AND(FechaInicio1Tri<=$I14, FechaFin1Tri>=$I14,WEEKDAY($I14,2)<=5),"X","") | AQ14: =IF(AND(FechaInicio2Tri<=$I14, FechaFin2Tri>=$I14,WEEKDAY($I14,2)<=5),"X","") | AR14: =IF(AND(FechaInicio3Tri<=$I14, FechaFin3Tri>=$I14, NTri>=3,WEEKDAY($I14,2)<=5),"X","") | AS14: =IF(OR(J14<>"",AP14&AQ14&AR14<>"X",WEEKDAY(I14,2)>5,C14<>0,(FechaInicio1Tri>I14),(FechaFinEEva<I14)),0,_xlfn.XLOOKUP(WEEKDAY(I14,2),Fchs!$J$10:$N$10,Fchs!$J$12:$N$12)) -> 0 | AT14: =IF(OR(AS14=0,FechaHoy<I14,(FechaInicio1Tri>I14),(FechaFinEEva<I14)),0,AS14) -> 0 | AU14: =IF(AS14<>0,MAXA($AU13:AU$14)+AS14,0) -> 0 | AV14: =IF(AT14<>0,MAXA($AU13:AU$14)+AT14,0) -> 0
B15: =MID(Info!$AZ$3,(WEEKDAY(I15,2)-1)*3+1,3) -> Mar | C15: =_xlfn.XLOOKUP(I15,Fchs!$C$60:$C$101,Fchs!$D$60:$D$101,0) -> 0 | D15: =_xlfn.XLOOKUP(I15,Fchs!$C$60:$C$101,Fchs!$E$60:$E$101) -> 0 | E15: =IF($AS15<>0,_xlfn.XLOOKUP($G15,UDs!$E$34:$E$55,UDs!$B$34:$B$55,,-1),0) -> 0 | F15: =IF(AT15<>0,E15,0) -> 0 | G15: =IF(AU15<>0,MAX($AU$13:$AU14)+1,0) -> 0 | H15: =IF(AS15<>0,COUNT($H$14:H14,1),"") | I15: =I14+1 -> 45902 | L15: =$AT15 -> 0 | M15: =$AT15 -> 0 | N15: =$AT15 -> 0 | O15: =$AT15 -> 0 | P15: =$AT15 -> 0 | Q15: =$AT15 -> 0 | R15: =$AT15 -> 0 | S15: =$AT15 -> 0 | ... AO15: =$AT15 -> 0 | AP15: =IF(AND(FechaInicio1Tri<=$I15, FechaFin1Tri>=$I15,WEEKDAY($I15,2)<=5),"X","") | AQ15: =IF(AND(FechaInicio2Tri<=$I15, FechaFin2Tri>=$I15,WEEKDAY($I15,2)<=5),"X","") | AR15: =IF(AND(FechaInicio3Tri<=$I15, FechaFin3Tri>=$I15, NTri>=3,WEEKDAY($I15,2)<=5),"X","") | AS15: =IF(OR(J15<>"",AP15&AQ15&AR15<>"X",WEEKDAY(I15,2)>5,C15<>0,(FechaInicio1Tri>I15),(FechaFinEEva<I15)),0,_xlfn.XLOOKUP(WEEKDAY(I15,2),Fchs!$J$10:$N$10,Fchs!$J$12:$N$12)) -> 0 | AT15: =IF(OR(AS15=0,FechaHoy<I15,(FechaInicio1Tri>I15),(FechaFinEEva<I15)),0,AS15) -> 0 | AU15: =IF(AS15<>0,MAXA($AU$14:AU14)+AS15,0) -> 0 | AV15: =IF(AT15<>0,MAXA($AU14:AU$14)+AT15,0) -> 0
B16: =MID(Info!$AZ$3,(WEEKDAY(I16,2)-1)*3+1,3) -> Mié | C16: =_xlfn.XLOOKUP(I16,Fchs!$C$60:$C$101,Fchs!$D$60:$D$101,0) -> 0 | D16: =_xlfn.XLOOKUP(I16,Fchs!$C$60:$C$101,Fchs!$E$60:$E$101) -> 0 | E16: =IF($AS16<>0,_xlfn.XLOOKUP($G16,UDs!$E$34:$E$55,UDs!$B$34:$B$55,,-1),0) -> 0 | F16: =IF(AT16<>0,E16,0) -> 0 | G16: =IF(AU16<>0,MAX($AU$13:$AU15)+1,0) -> 0 | H16: =IF(AS16<>0,COUNT($H$14:H15,1),"") | I16: =I15+1 -> 45903 | L16: =$AT16 -> 0 | M16: =$AT16 -> 0 | N16: =$AT16 -> 0 | O16: =$AT16 -> 0 | P16: =$AT16 -> 0 | Q16: =$AT16 -> 0 | R16: =$AT16 -> 0 | S16: =$AT16 -> 0 | ... AO16: =$AT16 -> 0 | AP16: =IF(AND(FechaInicio1Tri<=$I16, FechaFin1Tri>=$I16,WEEKDAY($I16,2)<=5),"X","") | AQ16: =IF(AND(FechaInicio2Tri<=$I16, FechaFin2Tri>=$I16,WEEKDAY($I16,2)<=5),"X","") | AR16: =IF(AND(FechaInicio3Tri<=$I16, FechaFin3Tri>=$I16, NTri>=3,WEEKDAY($I16,2)<=5),"X","") | AS16: =IF(OR(J16<>"",AP16&AQ16&AR16<>"X",WEEKDAY(I16,2)>5,C16<>0,(FechaInicio1Tri>I16),(FechaFinEEva<I16)),0,_xlfn.XLOOKUP(WEEKDAY(I16,2),Fchs!$J$10:$N$10,Fchs!$J$12:$N$12)) -> 0 | AT16: =IF(OR(AS16=0,FechaHoy<I16,(FechaInicio1Tri>I16),(FechaFinEEva<I16)),0,AS16) -> 0 | AU16: =IF(AS16<>0,MAXA($AU$14:AU15)+AS16,0) -> 0 | AV16: =IF(AT16<>0,MAXA($AU$14:AU15)+AT16,0) -> 0
B17: =MID(Info!$AZ$3,(WEEKDAY(I17,2)-1)*3+1,3) -> Jue | C17: =_xlfn.XLOOKUP(I17,Fchs!$C$60:$C$101,Fchs!$D$60:$D$101,0) -> 0 | D17: =_xlfn.XLOOKUP(I17,Fchs!$C$60:$C$101,Fchs!$E$60:$E$101) -> FCT+Pry. ExtraOrd | E17: =IF($AS17<>0,_xlfn.XLOOKUP($G17,UDs!$E$34:$E$55,UDs!$B$34:$B$55,,-1),0) -> 0 | F17: =IF(AT17<>0,E17,0) -> 0 | G17: =IF(AU17<>0,MAX($AU$13:$AU16)+1,0) -> 0 | H17: =IF(AS17<>0,COUNT($H$14:H16,1),"") | I17: =I16+1 -> 45904 | L17: =$AT17 -> 0 | M17: =$AT17 -> 0 | N17: =$AT17 -> 0 | O17: =$AT17 -> 0 | P17: =$AT17 -> 0 | Q17: =$AT17 -> 0 | R17: =$AT17 -> 0 | S17: =$AT17 -> 0 | ... AO17: =$AT17 -> 0 | AP17: =IF(AND(FechaInicio1Tri<=$I17, FechaFin1Tri>=$I17,WEEKDAY($I17,2)<=5),"X","") | AQ17: =IF(AND(FechaInicio2Tri<=$I17, FechaFin2Tri>=$I17,WEEKDAY($I17,2)<=5),"X","") | AR17: =IF(AND(FechaInicio3Tri<=$I17, FechaFin3Tri>=$I17, NTri>=3,WEEKDAY($I17,2)<=5),"X","") | AS17: =IF(OR(J17<>"",AP17&AQ17&AR17<>"X",WEEKDAY(I17,2)>5,C17<>0,(FechaInicio1Tri>I17),(FechaFinEEva<I17)),0,_xlfn.XLOOKUP(WEEKDAY(I17,2),Fchs!$J$10:$N$10,Fchs!$J$12:$N$12)) -> 0 | AT17: =IF(OR(AS17=0,FechaHoy<I17,(FechaInicio1Tri>I17),(FechaFinEEva<I17)),0,AS17) -> 0 | AU17: =IF(AS17<>0,MAXA($AU$14:AU16)+AS17,0) -> 0 | AV17: =IF(AT17<>0,MAXA($AU$14:AU16)+AT17,0) -> 0
B18: =MID(Info!$AZ$3,(WEEKDAY(I18,2)-1)*3+1,3) -> Vie | C18: =_xlfn.XLOOKUP(I18,Fchs!$C$60:$C$101,Fchs!$D$60:$D$101,0) -> 0 | D18: =_xlfn.XLOOKUP(I18,Fchs!$C$60:$C$101,Fchs!$E$60:$E$101) -> 0 | E18: =IF($AS18<>0,_xlfn.XLOOKUP($G18,UDs!$E$34:$E$55,UDs!$B$34:$B$55,,-1),0) -> 0 | F18: =IF(AT18<>0,E18,0) -> 0 | G18: =IF(AU18<>0,MAX($AU$13:$AU17)+1,0) -> 0 | H18: =IF(AS18<>0,COUNT($H$14:H17,1),"") | I18: =I17+1 -> 45905 | L18: =$AT18 -> 0 | M18: =$AT18 -> 0 | N18: =$AT18 -> 0 | O18: =$AT18 -> 0 | P18: =$AT18 -> 0 | Q18: =$AT18 -> 0 | R18: =$AT18 -> 0 | S18: =$AT18 -> 0 | ... AO18: =$AT18 -> 0 | AP18: =IF(AND(FechaInicio1Tri<=$I18, FechaFin1Tri>=$I18,WEEKDAY($I18,2)<=5),"X","") | AQ18: =IF(AND(FechaInicio2Tri<=$I18, FechaFin2Tri>=$I18,WEEKDAY($I18,2)<=5),"X","") | AR18: =IF(AND(FechaInicio3Tri<=$I18, FechaFin3Tri>=$I18, NTri>=3,WEEKDAY($I18,2)<=5),"X","") | AS18: =IF(OR(J18<>"",AP18&AQ18&AR18<>"X",WEEKDAY(I18,2)>5,C18<>0,(FechaInicio1Tri>I18),(FechaFinEEva<I18)),0,_xlfn.XLOOKUP(WEEKDAY(I18,2),Fchs!$J$10:$N$10,Fchs!$J$12:$N$12)) -> 0 | AT18: =IF(OR(AS18=0,FechaHoy<I18,(FechaInicio1Tri>I18),(FechaFinEEva<I18)),0,AS18) -> 0 | AU18: =IF(AS18<>0,MAXA($AU$14:AU17)+AS18,0) -> 0 | AV18: =IF(AT18<>0,MAXA($AU$14:AU17)+AT18,0) -> 0
B19: =MID(Info!$AZ$3,(WEEKDAY(I19,2)-1)*3+1,3) -> Sáb | C19: =_xlfn.XLOOKUP(I19,Fchs!$C$60:$C$101,Fchs!$D$60:$D$101,0) -> 0 | D19: =_xlfn.XLOOKUP(I19,Fchs!$C$60:$C$101,Fchs!$E$60:$E$101) -> 0 | E19: =IF($AS19<>0,_xlfn.XLOOKUP($G19,UDs!$E$34:$E$55,UDs!$B$34:$B$55,,-1),0) -> 0 | F19: =IF(AT19<>0,E19,0) -> 0 | G19: =IF(AU19<>0,MAX($AU$13:$AU18)+1,0) -> 0 | H19: =IF(AS19<>0,COUNT($H$14:H18,1),"") | I19: =I18+1 -> 45906 | L19: =$AT19 -> 0 | M19: =$AT19 -> 0 | N19: =$AT19 -> 0 | O19: =$AT19 -> 0 | P19: =$AT19 -> 0 | Q19: =$AT19 -> 0 | R19: =$AT19 -> 0 | S19: =$AT19 -> 0 | ... AO19: =$AT19 -> 0 | AP19: =IF(AND(FechaInicio1Tri<=$I19, FechaFin1Tri>=$I19,WEEKDAY($I19,2)<=5),"X","") | AQ19: =IF(AND(FechaInicio2Tri<=$I19, FechaFin2Tri>=$I19,WEEKDAY($I19,2)<=5),"X","") | AR19: =IF(AND(FechaInicio3Tri<=$I19, FechaFin3Tri>=$I19, NTri>=3,WEEKDAY($I19,2)<=5),"X","") | AS19: =IF(OR(J19<>"",AP19&AQ19&AR19<>"X",WEEKDAY(I19,2)>5,C19<>0,(FechaInicio1Tri>I19),(FechaFinEEva<I19)),0,_xlfn.XLOOKUP(WEEKDAY(I19,2),Fchs!$J$10:$N$10,Fchs!$J$12:$N$12)) -> 0 | AT19: =IF(OR(AS19=0,FechaHoy<I19,(FechaInicio1Tri>I19),(FechaFinEEva<I19)),0,AS19) -> 0 | AU19: =IF(AS19<>0,MAXA($AU$14:AU18)+AS19,0) -> 0 | AV19: =IF(AT19<>0,MAXA($AU$14:AU18)+AT19,0) -> 0
B20: =MID(Info!$AZ$3,(WEEKDAY(I20,2)-1)*3+1,3) -> Dom | C20: =_xlfn.XLOOKUP(I20,Fchs!$C$60:$C$101,Fchs!$D$60:$D$101,0) -> 0 | D20: =_xlfn.XLOOKUP(I20,Fchs!$C$60:$C$101,Fchs!$E$60:$E$101) -> 0 | E20: =IF($AS20<>0,_xlfn.XLOOKUP($G20,UDs!$E$34:$E$55,UDs!$B$34:$B$55,,-1),0) -> 0 | F20: =IF(AT20<>0,E20,0) -> 0 | G20: =IF(AU20<>0,MAX($AU$13:$AU19)+1,0) -> 0 | H20: =IF(AS20<>0,COUNT($H$14:H19,1),"") | I20: =I19+1 -> 45907 | L20: =$AT20 -> 0 | M20: =$AT20 -> 0 | N20: =$AT20 -> 0 | O20: =$AT20 -> 0 | P20: =$AT20 -> 0 | Q20: =$AT20 -> 0 | R20: =$AT20 -> 0 | S20: =$AT20 -> 0 | ... AO20: =$AT20 -> 0 | AP20: =IF(AND(FechaInicio1Tri<=$I20, FechaFin1Tri>=$I20,WEEKDAY($I20,2)<=5),"X","") | AQ20: =IF(AND(FechaInicio2Tri<=$I20, FechaFin2Tri>=$I20,WEEKDAY($I20,2)<=5),"X","") | AR20: =IF(AND(FechaInicio3Tri<=$I20, FechaFin3Tri>=$I20, NTri>=3,WEEKDAY($I20,2)<=5),"X","") | AS20: =IF(OR(J20<>"",AP20&AQ20&AR20<>"X",WEEKDAY(I20,2)>5,C20<>0,(FechaInicio1Tri>I20),(FechaFinEEva<I20)),0,_xlfn.XLOOKUP(WEEKDAY(I20,2),Fchs!$J$10:$N$10,Fchs!$J$12:$N$12)) -> 0 | AT20: =IF(OR(AS20=0,FechaHoy<I20,(FechaInicio1Tri>I20),(FechaFinEEva<I20)),0,AS20) -> 0 | AU20: =IF(AS20<>0,MAXA($AU$14:AU19)+AS20,0) -> 0 | AV20: =IF(AT20<>0,MAXA($AU$14:AU19)+AT20,0) -> 0
B21: =MID(Info!$AZ$3,(WEEKDAY(I21,2)-1)*3+1,3) -> Lun | C21: =_xlfn.XLOOKUP(I21,Fchs!$C$60:$C$101,Fchs!$D$60:$D$101,0) -> 0 | D21: =_xlfn.XLOOKUP(I21,Fchs!$C$60:$C$101,Fchs!$E$60:$E$101) -> 0 | E21: =IF($AS21<>0,_xlfn.XLOOKUP($G21,UDs!$E$34:$E$55,UDs!$B$34:$B$55,,-1),0) -> 0 | F21: =IF(AT21<>0,E21,0) -> 0 | G21: =IF(AU21<>0,MAX($AU$13:$AU20)+1,0) -> 0 | H21: =IF(AS21<>0,COUNT($H$14:H20,1),"") | I21: =I20+1 -> 45908 | L21: =$AT21 -> 0 | M21: =$AT21 -> 0 | N21: =$AT21 -> 0 | O21: =$AT21 -> 0 | P21: =$AT21 -> 0 | Q21: =$AT21 -> 0 | R21: =$AT21 -> 0 | S21: =$AT21 -> 0 | ... AO21: =$AT21 -> 0 | AP21: =IF(AND(FechaInicio1Tri<=$I21, FechaFin1Tri>=$I21,WEEKDAY($I21,2)<=5),"X","") | AQ21: =IF(AND(FechaInicio2Tri<=$I21, FechaFin2Tri>=$I21,WEEKDAY($I21,2)<=5),"X","") | AR21: =IF(AND(FechaInicio3Tri<=$I21, FechaFin3Tri>=$I21, NTri>=3,WEEKDAY($I21,2)<=5),"X","") | AS21: =IF(OR(J21<>"",AP21&AQ21&AR21<>"X",WEEKDAY(I21,2)>5,C21<>0,(FechaInicio1Tri>I21),(FechaFinEEva<I21)),0,_xlfn.XLOOKUP(WEEKDAY(I21,2),Fchs!$J$10:$N$10,Fchs!$J$12:$N$12)) -> 0 | AT21: =IF(OR(AS21=0,FechaHoy<I21,(FechaInicio1Tri>I21),(FechaFinEEva<I21)),0,AS21) -> 0 | AU21: =IF(AS21<>0,MAXA($AU$14:AU20)+AS21,0) -> 0 | AV21: =IF(AT21<>0,MAXA($AU$14:AU20)+AT21,0) -> 0
B22: =MID(Info!$AZ$3,(WEEKDAY(I22,2)-1)*3+1,3) -> Mar | C22: =_xlfn.XLOOKUP(I22,Fchs!$C$60:$C$101,Fchs!$D$60:$D$101,0) -> 0 | D22: =_xlfn.XLOOKUP(I22,Fchs!$C$60:$C$101,Fchs!$E$60:$E$101) -> 0 | E22: =IF($AS22<>0,_xlfn.XLOOKUP($G22,UDs!$E$34:$E$55,UDs!$B$34:$B$55,,-1),0) -> 0 | F22: =IF(AT22<>0,E22,0) -> 0 | G22: =IF(AU22<>0,MAX($AU$13:$AU21)+1,0) -> 0 | H22: =IF(AS22<>0,COUNT($H$14:H21,1),"") | I22: =I21+1 -> 45909 | L22: =$AT22 -> 0 | M22: =$AT22 -> 0 | N22: =$AT22 -> 0 | O22: =$AT22 -> 0 | P22: =$AT22 -> 0 | Q22: =$AT22 -> 0 | R22: =$AT22 -> 0 | S22: =$AT22 -> 0 | ... AO22: =$AT22 -> 0 | AP22: =IF(AND(FechaInicio1Tri<=$I22, FechaFin1Tri>=$I22,WEEKDAY($I22,2)<=5),"X","") | AQ22: =IF(AND(FechaInicio2Tri<=$I22, FechaFin2Tri>=$I22,WEEKDAY($I22,2)<=5),"X","") | AR22: =IF(AND(FechaInicio3Tri<=$I22, FechaFin3Tri>=$I22, NTri>=3,WEEKDAY($I22,2)<=5),"X","") | AS22: =IF(OR(J22<>"",AP22&AQ22&AR22<>"X",WEEKDAY(I22,2)>5,C22<>0,(FechaInicio1Tri>I22),(FechaFinEEva<I22)),0,_xlfn.XLOOKUP(WEEKDAY(I22,2),Fchs!$J$10:$N$10,Fchs!$J$12:$N$12)) -> 0 | AT22: =IF(OR(AS22=0,FechaHoy<I22,(FechaInicio1Tri>I22),(FechaFinEEva<I22)),0,AS22) -> 0 | AU22: =IF(AS22<>0,MAXA($AU$14:AU21)+AS22,0) -> 0 | AV22: =IF(AT22<>0,MAXA($AU$14:AU21)+AT22,0) -> 0
B23: =MID(Info!$AZ$3,(WEEKDAY(I23,2)-1)*3+1,3) -> Mié | C23: =_xlfn.XLOOKUP(I23,Fchs!$C$60:$C$101,Fchs!$D$60:$D$101,0) -> 0 | D23: =_xlfn.XLOOKUP(I23,Fchs!$C$60:$C$101,Fchs!$E$60:$E$101) -> 0 | E23: =IF($AS23<>0,_xlfn.XLOOKUP($G23,UDs!$E$34:$E$55,UDs!$B$34:$B$55,,-1),0) -> 0 | F23: =IF(AT23<>0,E23,0) -> 0 | G23: =IF(AU23<>0,MAX($AU$13:$AU22)+1,0) -> 0 | H23: =IF(AS23<>0,COUNT($H$14:H22,1),"") | I23: =I22+1 -> 45910 | L23: =$AT23 -> 0 | M23: =$AT23 -> 0 | N23: =$AT23 -> 0 | O23: =$AT23 -> 0 | P23: =$AT23 -> 0 | Q23: =$AT23 -> 0 | R23: =$AT23 -> 0 | S23: =$AT23 -> 0 | ... AO23: =$AT23 -> 0 | AP23: =IF(AND(FechaInicio1Tri<=$I23, FechaFin1Tri>=$I23,WEEKDAY($I23,2)<=5),"X","") | AQ23: =IF(AND(FechaInicio2Tri<=$I23, FechaFin2Tri>=$I23,WEEKDAY($I23,2)<=5),"X","") | AR23: =IF(AND(FechaInicio3Tri<=$I23, FechaFin3Tri>=$I23, NTri>=3,WEEKDAY($I23,2)<=5),"X","") | AS23: =IF(OR(J23<>"",AP23&AQ23&AR23<>"X",WEEKDAY(I23,2)>5,C23<>0,(FechaInicio1Tri>I23),(FechaFinEEva<I23)),0,_xlfn.XLOOKUP(WEEKDAY(I23,2),Fchs!$J$10:$N$10,Fchs!$J$12:$N$12)) -> 0 | AT23: =IF(OR(AS23=0,FechaHoy<I23,(FechaInicio1Tri>I23),(FechaFinEEva<I23)),0,AS23) -> 0 | AU23: =IF(AS23<>0,MAXA($AU$14:AU22)+AS23,0) -> 0 | AV23: =IF(AT23<>0,MAXA($AU$14:AU22)+AT23,0) -> 0
B24: =MID(Info!$AZ$3,(WEEKDAY(I24,2)-1)*3+1,3) -> Jue | C24: =_xlfn.XLOOKUP(I24,Fchs!$C$60:$C$101,Fchs!$D$60:$D$101,0) -> 0 | D24: =_xlfn.XLOOKUP(I24,Fchs!$C$60:$C$101,Fchs!$E$60:$E$101) -> Presentación | E24: =IF($AS24<>0,_xlfn.XLOOKUP($G24,UDs!$E$34:$E$55,UDs!$B$34:$B$55,,-1),0) -> 0 | F24: =IF(AT24<>0,E24,0) -> 0 | G24: =IF(AU24<>0,MAX($AU$13:$AU23)+1,0) -> 0 | H24: =IF(AS24<>0,COUNT($H$14:H23,1),"") | I24: =I23+1 -> 45911 | L24: =$AT24 -> 0 | M24: =$AT24 -> 0 | N24: =$AT24 -> 0 | O24: =$AT24 -> 0 | P24: =$AT24 -> 0 | Q24: =$AT24 -> 0 | R24: =$AT24 -> 0 | S24: =$AT24 -> 0 | ... AO24: =$AT24 -> 0 | AP24: =IF(AND(FechaInicio1Tri<=$I24, FechaFin1Tri>=$I24,WEEKDAY($I24,2)<=5),"X","") | AQ24: =IF(AND(FechaInicio2Tri<=$I24, FechaFin2Tri>=$I24,WEEKDAY($I24,2)<=5),"X","") | AR24: =IF(AND(FechaInicio3Tri<=$I24, FechaFin3Tri>=$I24, NTri>=3,WEEKDAY($I24,2)<=5),"X","") | AS24: =IF(OR(J24<>"",AP24&AQ24&AR24<>"X",WEEKDAY(I24,2)>5,C24<>0,(FechaInicio1Tri>I24),(FechaFinEEva<I24)),0,_xlfn.XLOOKUP(WEEKDAY(I24,2),Fchs!$J$10:$N$10,Fchs!$J$12:$N$12)) -> 0 | AT24: =IF(OR(AS24=0,FechaHoy<I24,(FechaInicio1Tri>I24),(FechaFinEEva<I24)),0,AS24) -> 0 | AU24: =IF(AS24<>0,MAXA($AU$14:AU23)+AS24,0) -> 0 | AV24: =IF(AT24<>0,MAXA($AU$14:AU23)+AT24,0) -> 0
B25: =MID(Info!$AZ$3,(WEEKDAY(I25,2)-1)*3+1,3) -> Vie | C25: =_xlfn.XLOOKUP(I25,Fchs!$C$60:$C$101,Fchs!$D$60:$D$101,0) -> 0 | D25: =_xlfn.XLOOKUP(I25,Fchs!$C$60:$C$101,Fchs!$E$60:$E$101) -> Inicio clases | E25: =IF($AS25<>0,_xlfn.XLOOKUP($G25,UDs!$E$34:$E$55,UDs!$B$34:$B$55,,-1),0) -> 0 | F25: =IF(AT25<>0,E25,0) -> 0 | G25: =IF(AU25<>0,MAX($AU$13:$AU24)+1,0) -> 0 | H25: =IF(AS25<>0,COUNT($H$14:H24,1),"") | I25: =I24+1 -> 45912 | L25: =$AT25 -> 0 | M25: =$AT25 -> 0 | N25: =$AT25 -> 0 | O25: =$AT25 -> 0 | P25: =$AT25 -> 0 | Q25: =$AT25 -> 0 | R25: =$AT25 -> 0 | S25: =$AT25 -> 0 | ... AO25: =$AT25 -> 0 | AP25: =IF(AND(FechaInicio1Tri<=$I25, FechaFin1Tri>=$I25,WEEKDAY($I25,2)<=5),"X","") | AQ25: =IF(AND(FechaInicio2Tri<=$I25, FechaFin2Tri>=$I25,WEEKDAY($I25,2)<=5),"X","") | AR25: =IF(AND(FechaInicio3Tri<=$I25, FechaFin3Tri>=$I25, NTri>=3,WEEKDAY($I25,2)<=5),"X","") | AS25: =IF(OR(J25<>"",AP25&AQ25&AR25<>"X",WEEKDAY(I25,2)>5,C25<>0,(FechaInicio1Tri>I25),(FechaFinEEva<I25)),0,_xlfn.XLOOKUP(WEEKDAY(I25,2),Fchs!$J$10:$N$10,Fchs!$J$12:$N$12)) -> 0 | AT25: =IF(OR(AS25=0,FechaHoy<I25,(FechaInicio1Tri>I25),(FechaFinEEva<I25)),0,AS25) -> 0 | AU25: =IF(AS25<>0,MAXA($AU$14:AU24)+AS25,0) -> 0 | AV25: =IF(AT25<>0,MAXA($AU$14:AU24)+AT25,0) -> 0
B26: =MID(Info!$AZ$3,(WEEKDAY(I26,2)-1)*3+1,3) -> Sáb | C26: =_xlfn.XLOOKUP(I26,Fchs!$C$60:$C$101,Fchs!$D$60:$D$101,0) -> 0 | D26: =_xlfn.XLOOKUP(I26,Fchs!$C$60:$C$101,Fchs!$E$60:$E$101) -> 0 | E26: =IF($AS26<>0,_xlfn.XLOOKUP($G26,UDs!$E$34:$E$55,UDs!$B$34:$B$55,,-1),0) -> 0 | F26: =IF(AT26<>0,E26,0) -> 0 | G26: =IF(AU26<>0,MAX($AU$13:$AU25)+1,0) -> 0 | H26: =IF(AS26<>0,COUNT($H$14:H25,1),"") | I26: =I25+1 -> 45913 | L26: =$AT26 -> 0 | M26: =$AT26 -> 0 | N26: =$AT26 -> 0 | O26: =$AT26 -> 0 | P26: =$AT26 -> 0 | Q26: =$AT26 -> 0 | R26: =$AT26 -> 0 | S26: =$AT26 -> 0 | ... AO26: =$AT26 -> 0 | AP26: =IF(AND(FechaInicio1Tri<=$I26, FechaFin1Tri>=$I26,WEEKDAY($I26,2)<=5),"X","") | AQ26: =IF(AND(FechaInicio2Tri<=$I26, FechaFin2Tri>=$I26,WEEKDAY($I26,2)<=5),"X","") | AR26: =IF(AND(FechaInicio3Tri<=$I26, FechaFin3Tri>=$I26, NTri>=3,WEEKDAY($I26,2)<=5),"X","") | AS26: =IF(OR(J26<>"",AP26&AQ26&AR26<>"X",WEEKDAY(I26,2)>5,C26<>0,(FechaInicio1Tri>I26),(FechaFinEEva<I26)),0,_xlfn.XLOOKUP(WEEKDAY(I26,2),Fchs!$J$10:$N$10,Fchs!$J$12:$N$12)) -> 0 | AT26: =IF(OR(AS26=0,FechaHoy<I26,(FechaInicio1Tri>I26),(FechaFinEEva<I26)),0,AS26) -> 0 | AU26: =IF(AS26<>0,MAXA($AU$14:AU25)+AS26,0) -> 0 | AV26: =IF(AT26<>0,MAXA($AU$14:AU25)+AT26,0) -> 0
B27: =MID(Info!$AZ$3,(WEEKDAY(I27,2)-1)*3+1,3) -> Dom | C27: =_xlfn.XLOOKUP(I27,Fchs!$C$60:$C$101,Fchs!$D$60:$D$101,0) -> 0 | D27: =_xlfn.XLOOKUP(I27,Fchs!$C$60:$C$101,Fchs!$E$60:$E$101) -> 0 | E27: =IF($AS27<>0,_xlfn.XLOOKUP($G27,UDs!$E$34:$E$55,UDs!$B$34:$B$55,,-1),0) -> 0 | F27: =IF(AT27<>0,E27,0) -> 0 | G27: =IF(AU27<>0,MAX($AU$13:$AU26)+1,0) -> 0 | H27: =IF(AS27<>0,COUNT($H$14:H26,1),"") | I27: =I26+1 -> 45914 | L27: =$AT27 -> 0 | M27: =$AT27 -> 0 | N27: =$AT27 -> 0 | O27: =$AT27 -> 0 | P27: =$AT27 -> 0 | Q27: =$AT27 -> 0 | R27: =$AT27 -> 0 | S27: =$AT27 -> 0 | ... AO27: =$AT27 -> 0 | AP27: =IF(AND(FechaInicio1Tri<=$I27, FechaFin1Tri>=$I27,WEEKDAY($I27,2)<=5),"X","") | AQ27: =IF(AND(FechaInicio2Tri<=$I27, FechaFin2Tri>=$I27,WEEKDAY($I27,2)<=5),"X","") | AR27: =IF(AND(FechaInicio3Tri<=$I27, FechaFin3Tri>=$I27, NTri>=3,WEEKDAY($I27,2)<=5),"X","") | AS27: =IF(OR(J27<>"",AP27&AQ27&AR27<>"X",WEEKDAY(I27,2)>5,C27<>0,(FechaInicio1Tri>I27),(FechaFinEEva<I27)),0,_xlfn.XLOOKUP(WEEKDAY(I27,2),Fchs!$J$10:$N$10,Fchs!$J$12:$N$12)) -> 0 | AT27: =IF(OR(AS27=0,FechaHoy<I27,(FechaInicio1Tri>I27),(FechaFinEEva<I27)),0,AS27) -> 0 | AU27: =IF(AS27<>0,MAXA($AU$14:AU26)+AS27,0) -> 0 | AV27: =IF(AT27<>0,MAXA($AU$14:AU26)+AT27,0) -> 0
